t_0,t,temperature
,0.00,-24.821
,10.00,-24.803
,20.00,-24.828
,30.00,-24.786
,40.00,-24.705
,50.00,-24.592
,60.00,-24.448
,70.00,-24.311
,80.00,-24.143
,90.00,-23.995
,100.00,-23.858
,110.00,-23.749
,120.00,-23.671
,130.00,-23.602
,140.00,-23.52
,150.00,-23.443
,160.00,-23.341
,170.00,-23.307
,180.00,-23.217
,190.00,-23.206
,200.00,-23.171
,210.00,-23.156
,220.00,-23.097
,230.00,-23.058
,240.00,-22.925
,250.00,-22.877
,260.00,-22.913
,270.00,-22.904
,280.00,-22.916
,290.00,-22.88
,300.00,-22.839
,310.00,-22.842
,320.00,-22.782
,330.00,-22.749
,340.00,-22.692
,350.00,-22.654
,360.00,-22.676
,370.00,-22.508
,380.00,-22.49
,390.00,-22.491
,400.00,-22.464
,410.00,-22.654
,420.00,-22.635
,430.00,-22.734
,440.00,-22.836
,450.00,-22.915
,460.00,-23.029
,470.00,-23.1
,480.00,-23.269
,490.00,-23.311
,500.00,-23.409
,510.00,-23.345
,520.00,-23.517
,530.00,-23.658
,540.00,-23.673
,550.00,-23.776
,560.00,-23.796
,570.00,-23.81
,580.00,-23.82
,590.00,-23.832
,600.00,-23.854
,610.00,-23.854
,620.00,-23.876
,630.00,-23.928
,640.00,-23.887
,650.00,-23.861
,660.00,-23.793
,670.00,-23.807
,680.00,-23.785
,690.00,-23.758
,700.00,-23.721
,710.00,-23.717
,720.00,-23.71
,730.00,-23.691
,740.00,-23.697
,750.00,-23.708
,760.00,-23.77
,770.00,-23.802
,780.00,-23.917
,790.00,-24.015
,800.00,-24.095
,810.00,-24.134
,820.00,-24.263
,830.00,-24.351
,840.00,-24.453
,850.00,-24.554
,860.00,-24.613
,870.00,-24.685
,880.00,-24.723
,890.00,-24.841
,900.00,-24.918
,910.00,-25.078
,920.00,-25.183
,930.00,-25.286
,940.00,-25.425
,950.00,-25.528
,960.00,-25.593
,970.00,-25.702
,980.00,-25.761
,990.00,-25.819
,1000.00,-25.87
,1010.00,-25.952
,1020.00,-25.986
,1030.00,-26.076
,1040.00,-26.165
,1050.00,-26.236
,1060.00,-26.291
,1070.00,-26.309
,1080.00,-26.369
,1090.00,-26.468
,1100.00,-26.55
,1110.00,-26.606
,1120.00,-26.668
,1130.00,-26.727
,1140.00,-26.788
,1150.00,-26.842
,1160.00,-26.877
,1170.00,-26.908
,1180.00,-26.949
,1190.00,-26.928
,1200.00,-26.938
,1210.00,-26.912
,1220.00,-26.857
,1230.00,-26.866
,1240.00,-26.827
,1250.00,-26.773
,1260.00,-26.746
,1270.00,-26.724
,1280.00,-26.708
,1290.00,-26.667
,1300.00,-26.612
,1310.00,-26.571
,1320.00,-26.509
,1330.00,-26.458
,1340.00,-26.39
,1350.00,-26.359
,1360.00,-26.362
,1370.00,-26.376
,1380.00,-26.397
,1390.00,-26.396
,1400.00,-26.42
,1410.00,-26.453
,1420.00,-26.549
,1430.00,-26.629
,1440.00,-26.683
,1450.00,-26.732
,1460.00,-26.78
,1470.00,-26.848
,1480.00,-26.872
,1490.00,-26.877
,1500.00,-27.029
,1510.00,-27.133
,1520.00,-27.21
,1530.00,-27.31
,1540.00,-27.389
,1550.00,-27.487
,1560.00,-27.541
,1570.00,-27.598
,1580.00,-27.657
,1590.00,-27.681
,1600.00,-27.772
,1610.00,-27.776
,1620.00,-27.821
,1630.00,-27.843
,1640.00,-27.879
,1650.00,-27.948
,1660.00,-28.01
,1670.00,-28.036
,1680.00,-28.131
,1690.00,-28.208
,1700.00,-28.228
,1710.00,-28.282
,1720.00,-28.336
,1730.00,-28.34
,1740.00,-28.38
,1750.00,-28.426
,1760.00,-28.49
,1770.00,-28.567
,1780.00,-28.57
,1790.00,-28.603
,1800.00,-28.593
,1810.00,-28.576
,1820.00,-28.554
,1830.00,-28.493
,1840.00,-28.478
,1850.00,-28.422
,1860.00,-28.399
,1870.00,-28.355
,1880.00,-28.324
,1890.00,-28.272
,1900.00,-28.233
,1910.00,-28.185
,1920.00,-28.124
,1930.00,-28.06
,1940.00,-28.002
,1950.00,-27.926
,1960.00,-27.88
,1970.00,-27.835
,1980.00,-27.783
,1990.00,-27.747
,2000.00,-27.693
,2010.00,-27.737
,2020.00,-27.738
,2030.00,-27.773
,2040.00,-27.839
,2050.00,-27.858
,2060.00,-27.887
,2070.00,-27.917
,2080.00,-27.986
,2090.00,-28.019
,2100.00,-28.069
,2110.00,-28.137
,2120.00,-28.178
,2130.00,-28.211
,2140.00,-28.224
,2150.00,-28.324
,2160.00,-28.401
,2170.00,-28.491
,2180.00,-28.577
,2190.00,-28.628
,2200.00,-28.632
,2210.00,-28.555
,2220.00,-28.389
,2230.00,-28.276
,2240.00,-28.106
,2250.00,-27.972
,2260.00,-27.823
,2270.00,-27.647
,2280.00,-27.495
,2290.00,-27.376
,2300.00,-27.253
,2310.00,-27.087
,2320.00,-26.946
,2330.00,-26.78
,2340.00,-26.617
,2350.00,-26.514
,2360.00,-26.386
,2370.00,-26.257
,2380.00,-26.096
,2390.00,-25.978
,2400.00,-25.728
,2410.00,-25.59
,2420.00,-25.46
,2430.00,-25.266
,2440.00,-25.104
,2450.00,-24.885
,2460.00,-24.712
,2470.00,-24.53
,2480.00,-24.341
,2490.00,-24.182
,2500.00,-23.99
,2510.00,-23.787
,2520.00,-23.629
,2530.00,-23.432
,2540.00,-23.234
,2550.00,-23.066
,2560.00,-22.892
,2570.00,-22.792
,2580.00,-22.742
,2590.00,-22.687
,2600.00,-22.662
,2610.00,-22.675
,2620.00,-22.733
,2630.00,-22.803
,2640.00,-22.841
,2650.00,-22.955
,2660.00,-23.047
,2670.00,-23.103
,2680.00,-23.235
,2690.00,-23.291
,2700.00,-23.393
,2710.00,-23.506
,2720.00,-23.61
,2730.00,-23.676
,2740.00,-23.771
,2750.00,-23.868
,2760.00,-23.952
,2770.00,-24.103
,2780.00,-24.204
,2790.00,-24.256
,2800.00,-24.419
,2810.00,-24.492
,2820.00,-24.629
,2830.00,-24.764
,2840.00,-24.811
,2850.00,-24.843
,2860.00,-24.876
,2870.00,-24.938
,2880.00,-25.051
,2890.00,-25.124
,2900.00,-25.186
,2910.00,-25.306
,2920.00,-25.357
,2930.00,-25.392
,2940.00,-25.5
,2950.00,-25.612
,2960.00,-25.679
,2970.00,-25.777
,2980.00,-25.832
,2990.00,-25.869
,3000.00,-25.931
,3010.00,-26.043
,3020.00,-26.053
,3030.00,-26.039
,3040.00,-26.01
,3050.00,-26.079
,3060.00,-26.046
,3070.00,-26.004
,3080.00,-26.023
,3090.00,-26.032
,3100.00,-25.999
,3110.00,-25.963
,3120.00,-25.945
,3130.00,-25.897
,3140.00,-25.862
,3150.00,-25.813
,3160.00,-25.758
,3170.00,-25.737
,3180.00,-25.671
,3190.00,-25.656
,3200.00,-25.612
,3210.00,-25.595
,3220.00,-25.636
,3230.00,-25.649
,3240.00,-25.645
,3250.00,-25.706
,3260.00,-25.758
,3270.00,-25.837
,3280.00,-25.903
,3290.00,-26.003
,3300.00,-26.086
,3310.00,-26.161
,3320.00,-26.219
,3330.00,-26.286
,3340.00,-26.371
,3350.00,-26.425
,3360.00,-26.521
,3370.00,-26.603
,3380.00,-26.676
,3390.00,-26.798
,3400.00,-26.85
,3410.00,-26.908
,3420.00,-27.013
,3430.00,-27.066
,3440.00,-27.048
,3450.00,-27.114
,3460.00,-27.156
,3470.00,-27.232
,3480.00,-27.351
,3490.00,-27.441
,3500.00,-27.489
,3510.00,-27.488
,3520.00,-27.524
,3530.00,-27.563
,3540.00,-27.616
,3550.00,-27.669
,3560.00,-27.76
,3570.00,-27.806
,3580.00,-27.89
,3590.00,-27.96
,3600.00,-28.052
,3610.00,-28.099
,3620.00,-28.037
,3630.00,-28.024
,3640.00,-28.058
,3650.00,-28.026
,3660.00,-28.002
,3670.00,-27.98
,3680.00,-27.946
,3690.00,-27.924
,3700.00,-27.876
,3710.00,-27.821
,3720.00,-27.789
,3730.00,-27.759
,3740.00,-27.693
,3750.00,-27.658
,3760.00,-27.599
,3770.00,-27.536
,3780.00,-27.478
,3790.00,-27.417
,3800.00,-27.366
,3810.00,-27.319
,3820.00,-27.304
,3830.00,-27.325
,3840.00,-27.32
,3850.00,-27.349
,3860.00,-27.38
,3870.00,-27.432
,3880.00,-27.498
,3890.00,-27.541
,3900.00,-27.565
,3910.00,-27.636
,3920.00,-27.711
,3930.00,-27.777
,3940.00,-27.811
,3950.00,-27.815
,3960.00,-27.863
,3970.00,-27.833
,3980.00,-27.967
,3990.00,-28.068
,4000.00,-28.115
,4010.00,-28.217
,4020.00,-28.28
,4030.00,-28.353
,4040.00,-28.384
,4050.00,-28.421
,4060.00,-28.411
,4070.00,-28.495
,4080.00,-28.534
,4090.00,-28.613
,4100.00,-28.654
,4110.00,-28.669
,4120.00,-28.713
,4130.00,-28.772
,4140.00,-28.829
,4150.00,-28.899
,4160.00,-28.925
,4170.00,-28.975
,4180.00,-29.037
,4190.00,-29.073
,4200.00,-29.026
,4210.00,-29.068
,4220.00,-29.119
,4230.00,-29.111
,4240.00,-29.084
,4250.00,-29.054
,4260.00,-29.037
,4270.00,-28.997
,4280.00,-28.946
,4290.00,-28.922
,4300.00,-28.884
,4310.00,-28.84
,4320.00,-28.799
,4330.00,-28.743
,4340.00,-28.7
,4350.00,-28.623
,4360.00,-28.508
,4370.00,-28.364
,4380.00,-28.15
,4390.00,-27.913
,4400.00,-27.686
,4410.00,-27.427
,4420.00,-27.186
,4430.00,-26.963
,4440.00,-26.803
,4450.00,-26.626
,4460.00,-26.403
,4470.00,-26.275
,4480.00,-26.16
,4490.00,-26.019
,4500.00,-25.855
,4510.00,-25.751
,4520.00,-25.638
,4530.00,-25.488
,4540.00,-25.399
,4550.00,-25.234
,4560.00,-25.08
,4570.00,-24.837
,4580.00,-24.82
,4590.00,-24.788
,4600.00,-24.766
,4610.00,-24.742
,4620.00,-24.668
,4630.00,-24.581
,4640.00,-24.471
,4650.00,-24.38
,4660.00,-24.295
,4670.00,-24.175
,4680.00,-24.089
,4690.00,-24.017
,4700.00,-23.969
,4710.00,-23.89
,4720.00,-23.921
,4730.00,-23.96
,4740.00,-24.065
,4750.00,-24.152
,4760.00,-24.163
,4770.00,-24.185
,4780.00,-24.205
,4790.00,-24.313
,4800.00,-24.436
,4810.00,-24.53
,4820.00,-24.543
,4830.00,-24.584
,4840.00,-24.661
,4850.00,-24.741
,4860.00,-24.679
,4870.00,-24.643
,4880.00,-24.704
,4890.00,-24.671
,4900.00,-24.687
,4910.00,-24.667
,4920.00,-24.673
,4930.00,-24.626
,4940.00,-24.626
,4950.00,-24.584
,4960.00,-24.563
,4970.00,-24.517
,4980.00,-24.469
,4990.00,-24.442
,5000.00,-24.404
,5010.00,-24.359
,5020.00,-24.354
,5030.00,-24.341
,5040.00,-24.362
,5050.00,-24.363
,5060.00,-24.441
,5070.00,-24.499
,5080.00,-24.562
,5090.00,-24.635
,5100.00,-24.731
,5110.00,-24.8
,5120.00,-24.875
,5130.00,-24.959
,5140.00,-25.053
,5150.00,-25.135
,5160.00,-25.227
,5170.00,-25.282
,5180.00,-25.377
,5190.00,-25.452
,5200.00,-25.501
,5210.00,-25.557
,5220.00,-25.69
,5230.00,-25.78
,5240.00,-25.843
,5250.00,-25.906
,5260.00,-25.951
,5270.00,-25.976
,5280.00,-26.046
,5290.00,-26.105
,5300.00,-26.253
,5310.00,-26.357
,5320.00,-26.396
,5330.00,-26.447
,5340.00,-26.478
,5350.00,-26.5
,5360.00,-26.562
,5370.00,-26.653
,5380.00,-26.743
,5390.00,-26.779
,5400.00,-26.879
,5410.00,-26.912
,5420.00,-27.018
,5430.00,-27.119
,5440.00,-27.204
,5450.00,-27.166
,5460.00,-27.148
,5470.00,-27.168
,5480.00,-27.211
,5490.00,-27.174
,5500.00,-27.168
,5510.00,-27.126
,5520.00,-27.08
,5530.00,-27.072
,5540.00,-27.049
,5550.00,-27.025
,5560.00,-26.998
,5570.00,-26.964
,5580.00,-26.91
,5590.00,-26.875
,5600.00,-26.793
,5610.00,-26.745
,5620.00,-26.682
,5630.00,-26.652
,5640.00,-26.596
,5650.00,-26.519
,5660.00,-26.535
,5670.00,-26.554
,5680.00,-26.559
,5690.00,-26.555
,5700.00,-26.607
,5710.00,-26.687
,5720.00,-26.754
,5730.00,-26.793
,5740.00,-26.874
,5750.00,-26.926
,5760.00,-27.027
,5770.00,-27.082
,5780.00,-27.113
,5790.00,-27.147
,5800.00,-27.233
,5810.00,-27.263
,5820.00,-27.356
,5830.00,-27.439
,5840.00,-27.529
,5850.00,-27.524
,5860.00,-27.6
,5870.00,-27.651
,5880.00,-27.69
,5890.00,-27.716
,5900.00,-27.785
,5910.00,-27.856
,5920.00,-27.88
,5930.00,-27.971
,5940.00,-28.054
,5950.00,-28.108
,5960.00,-28.149
,5970.00,-28.185
,5980.00,-28.208
,5990.00,-28.249
,6000.00,-28.325
,6010.00,-28.34
,6020.00,-28.386
,6030.00,-28.443
,6040.00,-28.471
,6050.00,-28.517
,6060.00,-28.601
,6070.00,-28.66
,6080.00,-28.672
,6090.00,-28.639
,6100.00,-28.663
,6110.00,-28.64
,6120.00,-28.589
,6130.00,-28.553
,6140.00,-28.542
,6150.00,-28.5
,6160.00,-28.458
,6170.00,-28.406
,6180.00,-28.334
,6190.00,-28.287
,6200.00,-28.257
,6210.00,-28.205
,6220.00,-28.133
,6230.00,-28.08
,6240.00,-28.006
,6250.00,-27.944
,6260.00,-27.878
,6270.00,-27.819
,6280.00,-27.785
,6290.00,-27.751
,6300.00,-27.788
,6310.00,-27.797
,6320.00,-27.812
,6330.00,-27.857
,6340.00,-27.878
,6350.00,-27.899
,6360.00,-27.911
,6370.00,-27.952
,6380.00,-28.01
,6390.00,-28.083
,6400.00,-28.149
,6410.00,-28.166
,6420.00,-28.089
,6430.00,-28.181
,6440.00,-28.296
,6450.00,-28.369
,6460.00,-28.438
,6470.00,-28.492
,6480.00,-28.532
,6490.00,-28.594
,6500.00,-28.622
,6510.00,-28.649
,6520.00,-28.667
,6530.00,-28.653
,6540.00,-28.571
,6550.00,-28.416
,6560.00,-28.285
,6570.00,-28.179
,6580.00,-28.024
,6590.00,-27.846
,6600.00,-27.75
,6610.00,-27.62
,6620.00,-27.489
,6630.00,-27.321
,6640.00,-27.192
,6650.00,-27.08
,6660.00,-26.964
,6670.00,-26.846
,6680.00,-26.686
,6690.00,-26.515
,6700.00,-26.397
,6710.00,-26.236
,6720.00,-26.023
,6730.00,-25.878
,6740.00,-25.681
,6750.00,-25.473
,6760.00,-25.256
,6770.00,-25.103
,6780.00,-24.904
,6790.00,-24.753
,6800.00,-24.538
,6810.00,-24.367
,6820.00,-24.175
,6830.00,-23.988
,6840.00,-23.777
,6850.00,-23.563
,6860.00,-23.354
,6870.00,-23.163
,6880.00,-23.011
,6890.00,-22.947
,6900.00,-22.839
,6910.00,-22.854
,6920.00,-22.878
,6930.00,-22.934
,6940.00,-22.986
,6950.00,-23.013
,6960.00,-23.037
,6970.00,-23.104
,6980.00,-23.223
,6990.00,-23.303
,7000.00,-23.373
,7010.00,-23.5
,7020.00,-23.593
,7030.00,-23.668
,7040.00,-23.762
,7050.00,-23.881
,7060.00,-23.938
,7070.00,-24.075
,7080.00,-24.18
,7090.00,-24.306
,7100.00,-24.4
,7110.00,-24.482
,7120.00,-24.592
,7130.00,-24.597
,7140.00,-24.69
,7150.00,-24.77
,7160.00,-24.732
,7170.00,-24.889
,7180.00,-24.98
,7190.00,-25.088
,7200.00,-25.217
,7210.00,-25.294
,7220.00,-25.331
,7230.00,-25.399
,7240.00,-25.512
,7250.00,-25.626
,7260.00,-25.665
,7270.00,-25.749
,7280.00,-25.722
,7290.00,-25.77
,7300.00,-25.913
,7310.00,-26.043
,7320.00,-26.109
,7330.00,-26.187
,7340.00,-26.199
,7350.00,-26.172
,7360.00,-26.124
,7370.00,-26.079
,7380.00,-26.132
,7390.00,-26.137
,7400.00,-26.086
,7410.00,-26.06
,7420.00,-26.037
,7430.00,-26.01
,7440.00,-25.997
,7450.00,-25.943
,7460.00,-25.926
,7470.00,-25.882
,7480.00,-25.817
,7490.00,-25.759
,7500.00,-25.719
,7510.00,-25.699
,7520.00,-25.658
,7530.00,-25.65
,7540.00,-25.677
,7550.00,-25.731
,7560.00,-25.718
,7570.00,-25.761
,7580.00,-25.832
,7590.00,-25.909
,7600.00,-25.97
,7610.00,-26.062
,7620.00,-26.127
,7630.00,-26.203
,7640.00,-26.279
,7650.00,-26.313
,7660.00,-26.259
,7670.00,-26.287
,7680.00,-26.417
,7690.00,-26.571
,7700.00,-26.561
,7710.00,-26.641
,7720.00,-26.811
,7730.00,-26.892
,7740.00,-26.972
,7750.00,-27.025
,7760.00,-27.057
,7770.00,-27.132
,7780.00,-27.167
,7790.00,-27.28
,7800.00,-27.332
,7810.00,-27.419
,7820.00,-27.506
,7830.00,-27.519
,7840.00,-27.537
,7850.00,-27.629
,7860.00,-27.651
,7870.00,-27.744
,7880.00,-27.757
,7890.00,-27.78
,7900.00,-27.797
,7910.00,-27.901
,7920.00,-27.948
,7930.00,-27.977
,7940.00,-28.031
,7950.00,-28.064
,7960.00,-28.07
,7970.00,-28.065
,7980.00,-28.013
,7990.00,-27.974
,8000.00,-27.937
,8010.00,-27.917
,8020.00,-27.9
,8030.00,-27.861
,8040.00,-27.809
,8050.00,-27.772
,8060.00,-27.732
,8070.00,-27.68
,8080.00,-27.61
,8090.00,-27.548
,8100.00,-27.484
,8110.00,-27.438
,8120.00,-27.375
,8130.00,-27.32
,8140.00,-27.262
,8150.00,-27.269
,8160.00,-27.286
,8170.00,-27.275
,8180.00,-27.301
,8190.00,-27.302
,8200.00,-27.382
,8210.00,-27.424
,8220.00,-27.482
,8230.00,-27.517
,8240.00,-27.56
,8250.00,-27.615
,8260.00,-27.667
,8270.00,-27.687
,8280.00,-27.718
,8290.00,-27.823
,8300.00,-27.925
,8310.00,-28.005
,8320.00,-28.056
,8330.00,-28.146
,8340.00,-28.16
,8350.00,-28.248
,8360.00,-28.304
,8370.00,-28.362
,8380.00,-28.386
,8390.00,-28.406
,8400.00,-28.442
,8410.00,-28.486
,8420.00,-28.533
,8430.00,-28.576
,8440.00,-28.587
,8450.00,-28.694
,8460.00,-28.763
,8470.00,-28.68
,8480.00,-28.744
,8490.00,-28.785
,8500.00,-28.907
,8510.00,-28.953
,8520.00,-28.954
,8530.00,-28.97
,8540.00,-29.019
,8550.00,-29.089
,8560.00,-29.103
,8570.00,-29.092
,8580.00,-29.078
,8590.00,-29.061
,8600.00,-29.053
,8610.00,-29.02
,8620.00,-28.93
,8630.00,-28.905
,8640.00,-28.866
,8650.00,-28.8
,8660.00,-28.741
,8670.00,-28.709
,8680.00,-28.644
,8690.00,-28.49
,8700.00,-28.307
,8710.00,-28.064
,8720.00,-27.798
,8730.00,-27.57
,8740.00,-27.32
,8750.00,-27.076
,8760.00,-26.839
,8770.00,-26.647
,8780.00,-26.45
,8790.00,-26.257
,8800.00,-26.099
,8810.00,-25.946
,8820.00,-25.835
,8830.00,-25.693
,8840.00,-25.562
,8850.00,-25.446
,8860.00,-25.302
,8870.00,-25.182
,8880.00,-25.087
,8890.00,-24.913
,8900.00,-24.76
,8910.00,-24.696
,8920.00,-24.604
,8930.00,-24.53
,8940.00,-24.448
,8950.00,-24.36
,8960.00,-24.354
,8970.00,-24.272
,8980.00,-24.128
,8990.00,-24.107
,9000.00,-24.018
,9010.00,-23.927
,9020.00,-23.82
,9030.00,-23.772
,9040.00,-23.684
,9050.00,-23.777
,9060.00,-23.808
,9070.00,-23.866
,9080.00,-23.957
,9090.00,-23.989
,9100.00,-24.067
,9110.00,-24.139
,9120.00,-24.209
,9130.00,-24.304
,9140.00,-24.4
,9150.00,-24.554
,9160.00,-24.599
,9170.00,-24.643
,9180.00,-24.708
,9190.00,-24.761
,9200.00,-24.772
,9210.00,-24.808
,9220.00,-24.779
,9230.00,-24.756
,9240.00,-24.75
,9250.00,-24.754
,9260.00,-24.736
,9270.00,-24.711
,9280.00,-24.681
,9290.00,-24.663
,9300.00,-24.656
,9310.00,-24.602
,9320.00,-24.561
,9330.00,-24.508
,9340.00,-24.471
,9350.00,-24.42
,9360.00,-24.397
,9370.00,-24.363
,9380.00,-24.354
,9390.00,-24.359
,9400.00,-24.413
,9410.00,-24.506
,9420.00,-24.554
,9430.00,-24.609
,9440.00,-24.695
,9450.00,-24.78
,9460.00,-24.848
,9470.00,-24.92
,9480.00,-24.976
,9490.00,-25.071
,9500.00,-25.16
,9510.00,-25.232
,9520.00,-25.345
,9530.00,-25.382
,9540.00,-25.399
,9550.00,-25.468
,9560.00,-25.628
,9570.00,-25.752
,9580.00,-25.857
,9590.00,-25.947
,9600.00,-26.033
,9610.00,-26.066
,9620.00,-26.158
,9630.00,-26.168
,9640.00,-26.232
,9650.00,-26.267
,9660.00,-26.357
,9670.00,-26.469
,9680.00,-26.53
,9690.00,-26.547
,9700.00,-26.62
,9710.00,-26.725
,9720.00,-26.748
,9730.00,-26.779
,9740.00,-26.895
,9750.00,-26.995
,9760.00,-27.101
,9770.00,-27.153
,9780.00,-27.109
,9790.00,-27.173
,9800.00,-27.214
,9810.00,-27.252
,9820.00,-27.278
,9830.00,-27.321
,9840.00,-27.266
,9850.00,-27.201
,9860.00,-27.173
,9870.00,-27.151
,9880.00,-27.151
,9890.00,-27.125
,9900.00,-27.098
,9910.00,-27.075
,9920.00,-27.014
,9930.00,-26.969
,9940.00,-26.926
,9950.00,-26.864
,9960.00,-26.806
,9970.00,-26.742
,9980.00,-26.691
,9990.00,-26.618
,10000.00,-26.608
,10010.00,-26.609
,10020.00,-26.638
,10030.00,-26.66
,10040.00,-26.685
,10050.00,-26.661
,10060.00,-26.758
,10070.00,-26.834
,10080.00,-26.891
,10090.00,-26.932
,10100.00,-26.991
,10110.00,-27.058
,10120.00,-27.127
,10130.00,-27.192
,10140.00,-27.23
,10150.00,-27.29
,10160.00,-27.337
,10170.00,-27.309
,10180.00,-27.467
,10190.00,-27.564
,10200.00,-27.66
,10210.00,-27.695
,10220.00,-27.764
,10230.00,-27.818
,10240.00,-27.872
,10250.00,-27.934
,10260.00,-27.952
,10270.00,-27.975
,10280.00,-28.004
,10290.00,-28.104
,10300.00,-28.155
,10310.00,-28.148
,10320.00,-28.184
,10330.00,-28.3
,10340.00,-28.361
,10350.00,-28.332
,10360.00,-28.415
,10370.00,-28.451
,10380.00,-28.496
,10390.00,-28.564
,10400.00,-28.641
,10410.00,-28.667
,10420.00,-28.625
,10430.00,-28.628
,10440.00,-28.588
,10450.00,-28.559
,10460.00,-28.529
,10470.00,-28.476
,10480.00,-28.446
,10490.00,-28.393
,10500.00,-28.354
,10510.00,-28.322
,10520.00,-28.272
,10530.00,-28.255
,10540.00,-28.184
,10550.00,-28.117
,10560.00,-28.066
,10570.00,-27.983
,10580.00,-27.919
,10590.00,-27.872
,10600.00,-27.81
,10610.00,-27.785
,10620.00,-27.783
,10630.00,-27.781
,10640.00,-27.8
,10650.00,-27.808
,10660.00,-27.842
,10670.00,-27.887
,10680.00,-27.882
,10690.00,-27.947
,10700.00,-27.941
,10710.00,-28.03
,10720.00,-28.104
,10730.00,-28.144
,10740.00,-28.146
,10750.00,-28.065
,10760.00,-28.112
,10770.00,-28.237
,10780.00,-28.343
,10790.00,-28.365
,10800.00,-28.478
,10810.00,-28.58
,10820.00,-28.646
,10830.00,-28.674
,10840.00,-28.664
,10850.00,-28.627
,10860.00,-28.536
,10870.00,-28.419
,10880.00,-28.305
,10890.00,-28.17
,10900.00,-28.054
,10910.00,-27.92
,10920.00,-27.741
,10930.00,-27.577
,10940.00,-27.421
,10950.00,-27.256
,10960.00,-27.135
,10970.00,-27.018
,10980.00,-26.922
,10990.00,-26.789
,11000.00,-26.637
,11010.00,-26.56
,11020.00,-26.387
,11030.00,-26.215
,11040.00,-26.001
,11050.00,-25.795
,11060.00,-25.566
,11070.00,-25.342
,11080.00,-25.137
,11090.00,-24.885
,11100.00,-24.68
,11110.00,-24.475
,11120.00,-24.296
,11130.00,-24.071
,11140.00,-23.876
,11150.00,-23.656
,11160.00,-23.46
,11170.00,-23.233
,11180.00,-23.018
,11190.00,-22.808
,11200.00,-22.681
,11210.00,-22.56
,11220.00,-22.542
,11230.00,-22.578
,11240.00,-22.627
,11250.00,-22.655
,11260.00,-22.711
,11270.00,-22.784
,11280.00,-22.866
,11290.00,-22.964
,11300.00,-23.041
,11310.00,-23.135
,11320.00,-23.24
,11330.00,-23.335
,11340.00,-23.445
,11350.00,-23.515
,11360.00,-23.595
,11370.00,-23.689
,11380.00,-23.752
,11390.00,-23.887
,11400.00,-24.038
,11410.00,-24.152
,11420.00,-24.275
,11430.00,-24.271
,11440.00,-24.437
,11450.00,-24.535
,11460.00,-24.57
,11470.00,-24.634
,11480.00,-24.748
,11490.00,-24.872
,11500.00,-24.93
,11510.00,-24.959
,11520.00,-25.089
,11530.00,-25.148
,11540.00,-25.226
,11550.00,-25.343
,11560.00,-25.394
,11570.00,-25.395
,11580.00,-25.479
,11590.00,-25.591
,11600.00,-25.671
,11610.00,-25.791
,11620.00,-25.835
,11630.00,-25.881
,11640.00,-25.928
,11650.00,-25.983
,11660.00,-26.004
,11670.00,-25.953
,11680.00,-25.93
,11690.00,-25.94
,11700.00,-25.896
,11710.00,-25.907
,11720.00,-25.873
,11730.00,-25.837
,11740.00,-25.843
,11750.00,-25.808
,11760.00,-25.791
,11770.00,-25.724
,11780.00,-25.678
,11790.00,-25.623
,11800.00,-25.572
,11810.00,-25.537
,11820.00,-25.486
,11830.00,-25.429
,11840.00,-25.412
,11850.00,-25.406
,11860.00,-25.442
,11870.00,-25.441
,11880.00,-25.532
,11890.00,-25.59
,11900.00,-25.664
,11910.00,-25.718
,11920.00,-25.805
,11930.00,-25.855
,11940.00,-25.926
,11950.00,-26.007
,11960.00,-26.087
,11970.00,-26.155
,11980.00,-26.191
,11990.00,-26.266
,12000.00,-26.358
,12010.00,-26.483
,12020.00,-26.557
,12030.00,-26.662
,12040.00,-26.73
,12050.00,-26.765
,12060.00,-26.767
,12070.00,-26.818
,12080.00,-26.866
,12090.00,-27
,12100.00,-27.066
,12110.00,-27.12
,12120.00,-27.17
,12130.00,-27.182
,12140.00,-27.229
,12150.00,-27.296
,12160.00,-27.351
,12170.00,-27.401
,12180.00,-27.5
,12190.00,-27.547
,12200.00,-27.554
,12210.00,-27.676
,12220.00,-27.736
,12230.00,-27.772
,12240.00,-27.81
,12250.00,-27.883
,12260.00,-27.897
,12270.00,-27.9
,12280.00,-27.918
,12290.00,-27.915
,12300.00,-27.9
,12310.00,-27.852
,12320.00,-27.848
,12330.00,-27.781
,12340.00,-27.761
,12350.00,-27.741
,12360.00,-27.697
,12370.00,-27.675
,12380.00,-27.636
,12390.00,-27.544
,12400.00,-27.507
,12410.00,-27.461
,12420.00,-27.399
,12430.00,-27.314
,12440.00,-27.265
,12450.00,-27.218
,12460.00,-27.166
,12470.00,-27.122
,12480.00,-27.125
,12490.00,-27.118
,12500.00,-27.177
,12510.00,-27.195
,12520.00,-27.215
,12530.00,-27.293
,12540.00,-27.323
,12550.00,-27.346
,12560.00,-27.412
,12570.00,-27.485
,12580.00,-27.537
,12590.00,-27.575
,12600.00,-27.615
,12610.00,-27.59
,12620.00,-27.684
,12630.00,-27.78
,12640.00,-27.852
,12650.00,-27.933
,12660.00,-28.01
,12670.00,-28.061
,12680.00,-28.117
,12690.00,-28.106
,12700.00,-28.203
,12710.00,-28.252
,12720.00,-28.284
,12730.00,-28.332
,12740.00,-28.38
,12750.00,-28.401
,12760.00,-28.459
,12770.00,-28.5
,12780.00,-28.57
,12790.00,-28.621
,12800.00,-28.66
,12810.00,-28.679
,12820.00,-28.745
,12830.00,-28.788
,12840.00,-28.848
,12850.00,-28.933
,12860.00,-28.972
,12870.00,-28.953
,12880.00,-28.938
,12890.00,-28.973
,12900.00,-29.009
,12910.00,-28.997
,12920.00,-28.96
,12930.00,-28.949
,12940.00,-28.912
,12950.00,-28.877
,12960.00,-28.833
,12970.00,-28.784
,12980.00,-28.747
,12990.00,-28.707
,13000.00,-28.632
,13010.00,-28.491
,13020.00,-28.295
,13030.00,-28.051
,13040.00,-27.795
,13050.00,-27.562
,13060.00,-27.308
,13070.00,-27.046
,13080.00,-26.792
,13090.00,-26.568
,13100.00,-26.334
,13110.00,-26.137
,13120.00,-25.961
,13130.00,-25.742
,13140.00,-25.578
,13150.00,-25.403
,13160.00,-25.304
,13170.00,-25.177
,13180.00,-25.022
,13190.00,-24.902
,13200.00,-24.756
,13210.00,-24.648
,13220.00,-24.452
,13230.00,-24.342
,13240.00,-24.139
,13250.00,-24.042
,13260.00,-24.017
,13270.00,-23.951
,13280.00,-23.841
,13290.00,-23.818
,13300.00,-23.786
,13310.00,-23.665
,13320.00,-23.585
,13330.00,-23.43
,13340.00,-23.303
,13350.00,-23.204
,13360.00,-23.211
,13370.00,-23.212
,13380.00,-23.318
,13390.00,-23.365
,13400.00,-23.428
,13410.00,-23.527
,13420.00,-23.566
,13430.00,-23.592
,13440.00,-23.639
,13450.00,-23.751
,13460.00,-23.856
,13470.00,-24.006
,13480.00,-24.143
,13490.00,-24.099
,13500.00,-24.12
,13510.00,-24.273
,13520.00,-24.346
,13530.00,-24.401
,13540.00,-24.362
,13550.00,-24.405
,13560.00,-24.414
,13570.00,-24.434
,13580.00,-24.4
,13590.00,-24.417
,13600.00,-24.408
,13610.00,-24.395
,13620.00,-24.394
,13630.00,-24.367
,13640.00,-24.359
,13650.00,-24.351
,13660.00,-24.292
,13670.00,-24.267
,13680.00,-24.237
,13690.00,-24.198
,13700.00,-24.183
,13710.00,-24.15
,13720.00,-24.145
,13730.00,-24.139
,13740.00,-24.211
,13750.00,-24.222
,13760.00,-24.241
,13770.00,-24.319
,13780.00,-24.418
,13790.00,-24.511
,13800.00,-24.584
,13810.00,-24.691
,13820.00,-24.74
,13830.00,-24.84
,13840.00,-24.923
,13850.00,-25.044
,13860.00,-25.095
,13870.00,-25.18
,13880.00,-25.24
,13890.00,-25.348
,13900.00,-25.445
,13910.00,-25.585
,13920.00,-25.688
,13930.00,-25.708
,13940.00,-25.734
,13950.00,-25.811
,13960.00,-25.876
,13970.00,-25.96
,13980.00,-26.071
,13990.00,-26.105
,14000.00,-26.164
,14010.00,-26.223
,14020.00,-26.287
,14030.00,-26.391
,14040.00,-26.451
,14050.00,-26.458
,14060.00,-26.54
,14070.00,-26.658
,14080.00,-26.726
,14090.00,-26.765
,14100.00,-26.864
,14110.00,-26.909
,14120.00,-26.974
,14130.00,-27.063
,14140.00,-27.068
,14150.00,-27.051
,14160.00,-27.031
,14170.00,-27.038
,14180.00,-27.003
,14190.00,-26.978
,14200.00,-26.974
,14210.00,-26.944
,14220.00,-26.875
,14230.00,-26.878
,14240.00,-26.825
,14250.00,-26.796
,14260.00,-26.763
,14270.00,-26.718
,14280.00,-26.648
,14290.00,-26.581
,14300.00,-26.543
,14310.00,-26.494
,14320.00,-26.439
,14330.00,-26.395
,14340.00,-26.388
,14350.00,-26.407
,14360.00,-26.403
,14370.00,-26.394
,14380.00,-26.49
,14390.00,-26.524
,14400.00,-26.614
,14410.00,-26.674
,14420.00,-26.685
,14430.00,-26.751
,14440.00,-26.837
,14450.00,-26.903
,14460.00,-26.929
,14470.00,-27.029
,14480.00,-27.114
,14490.00,-27.143
,14500.00,-27.212
,14510.00,-27.32
,14520.00,-27.418
,14530.00,-27.495
,14540.00,-27.537
,14550.00,-27.575
,14560.00,-27.63
,14570.00,-27.683
,14580.00,-27.733
,14590.00,-27.794
,14600.00,-27.792
,14610.00,-27.847
,14620.00,-27.918
,14630.00,-27.926
,14640.00,-27.997
,14650.00,-28.076
,14660.00,-28.112
,14670.00,-28.154
,14680.00,-28.161
,14690.00,-28.18
,14700.00,-28.278
,14710.00,-28.392
,14720.00,-28.369
,14730.00,-28.436
,14740.00,-28.469
,14750.00,-28.517
,14760.00,-28.486
,14770.00,-28.481
,14780.00,-28.434
,14790.00,-28.396
,14800.00,-28.391
,14810.00,-28.322
,14820.00,-28.256
,14830.00,-28.198
,14840.00,-28.176
,14850.00,-28.142
,14860.00,-28.126
,14870.00,-28.068
,14880.00,-28.009
,14890.00,-27.942
,14900.00,-27.871
,14910.00,-27.827
,14920.00,-27.758
,14930.00,-27.694
,14940.00,-27.657
,14950.00,-27.659
,14960.00,-27.63
,14970.00,-27.623
,14980.00,-27.653
,14990.00,-27.636
,15000.00,-27.689
,15010.00,-27.751
,15020.00,-27.772
,15030.00,-27.8
,15040.00,-27.886
,15050.00,-27.94
,15060.00,-28.024
,15070.00,-28.016
,15080.00,-28.007
,15090.00,-28.106
,15100.00,-28.119
,15110.00,-28.24
,15120.00,-28.298
,15130.00,-28.386
,15140.00,-28.45
,15150.00,-28.528
,15160.00,-28.547
,15170.00,-28.519
,15180.00,-28.422
,15190.00,-28.271
,15200.00,-28.139
,15210.00,-28.012
,15220.00,-27.863
,15230.00,-27.722
,15240.00,-27.554
,15250.00,-27.393
,15260.00,-27.307
,15270.00,-27.176
,15280.00,-27.04
,15290.00,-26.872
,15300.00,-26.707
,15310.00,-26.508
,15320.00,-26.475
,15330.00,-26.474
,15340.00,-26.505
,15350.00,-26.509
,15360.00,-26.483
,15370.00,-26.491
,15380.00,-26.504
,15390.00,-26.476
,15400.00,-26.445
,15410.00,-26.469
,15420.00,-26.405
,15430.00,-26.377
,15440.00,-26.384
,15450.00,-26.345
,15460.00,-26.321
,15470.00,-26.32
,15480.00,-26.249
,15490.00,-26.203
,15500.00,-26.146
,15510.00,-26.096
,15520.00,-26.053
,15530.00,-26.013
,15540.00,-25.959
,15550.00,-25.949
,15560.00,-25.937
,15570.00,-25.919
,15580.00,-25.939
,15590.00,-26.017
,15600.00,-26.047
,15610.00,-26.107
,15620.00,-26.165
,15630.00,-26.256
,15640.00,-26.327
,15650.00,-26.449
,15660.00,-26.508
,15670.00,-26.503
,15680.00,-26.58
,15690.00,-26.695
,15700.00,-26.742
,15710.00,-26.806
,15720.00,-26.901
,15730.00,-26.989
,15740.00,-27.061
,15750.00,-27.124
,15760.00,-27.186
,15770.00,-27.272
,15780.00,-27.287
,15790.00,-27.387
,15800.00,-27.433
,15810.00,-27.482
,15820.00,-27.508
,15830.00,-27.57
,15840.00,-27.623
,15850.00,-27.653
,15860.00,-27.713
,15870.00,-27.793
,15880.00,-27.855
,15890.00,-27.926
,15900.00,-27.993
,15910.00,-28.06
,15920.00,-28.125
,15930.00,-28.153
,15940.00,-28.195
,15950.00,-28.219
,15960.00,-28.252
,15970.00,-28.261
,15980.00,-28.289
,15990.00,-28.236
,16000.00,-28.226
,16010.00,-28.199
,16020.00,-28.139
,16030.00,-28.135
,16040.00,-28.107
,16050.00,-28.073
,16060.00,-28.012
,16070.00,-27.983
,16080.00,-27.953
,16090.00,-27.912
,16100.00,-27.872
,16110.00,-27.792
,16120.00,-27.735
,16130.00,-27.665
,16140.00,-27.59
,16150.00,-27.532
,16160.00,-27.493
,16170.00,-27.498
,16180.00,-27.486
,16190.00,-27.507
,16200.00,-27.535
,16210.00,-27.588
,16220.00,-27.621
,16230.00,-27.642
,16240.00,-27.659
,16250.00,-27.634
,16260.00,-27.719
,16270.00,-27.759
,16280.00,-27.865
,16290.00,-27.949
,16300.00,-27.986
,16310.00,-28.034
,16320.00,-28.126
,16330.00,-28.22
,16340.00,-28.276
,16350.00,-28.305
,16360.00,-28.374
,16370.00,-28.408
,16380.00,-28.455
,16390.00,-28.492
,16400.00,-28.505
,16410.00,-28.566
,16420.00,-28.624
,16430.00,-28.639
,16440.00,-28.665
,16450.00,-28.739
,16460.00,-28.831
,16470.00,-28.882
,16480.00,-28.895
,16490.00,-28.942
,16500.00,-28.987
,16510.00,-29.008
,16520.00,-29.066
,16530.00,-29.089
,16540.00,-29.154
,16550.00,-29.179
,16560.00,-29.202
,16570.00,-29.194
,16580.00,-29.195
,16590.00,-29.178
,16600.00,-29.125
,16610.00,-29.091
,16620.00,-29.05
,16630.00,-29.011
,16640.00,-28.972
,16650.00,-28.966
,16660.00,-28.894
,16670.00,-28.854
,16680.00,-28.822
,16690.00,-28.752
,16700.00,-28.677
,16710.00,-28.617
,16720.00,-28.565
,16730.00,-28.495
,16740.00,-28.427
,16750.00,-28.387
,16760.00,-28.325
,16770.00,-28.271
,16780.00,-28.241
,16790.00,-28.246
,16800.00,-28.222
,16810.00,-28.245
,16820.00,-28.287
,16830.00,-28.338
,16840.00,-28.345
,16850.00,-28.388
,16860.00,-28.438
,16870.00,-28.495
,16880.00,-28.545
,16890.00,-28.592
,16900.00,-28.646
,16910.00,-28.688
,16920.00,-28.749
,16930.00,-28.813
,16940.00,-28.828
,16950.00,-28.883
,16960.00,-28.981
,16970.00,-29.017
,16980.00,-29.078
,16990.00,-29.077
,17000.00,-29.086
,17010.00,-29.13
,17020.00,-29.193
,17030.00,-29.225
,17040.00,-29.286
,17050.00,-29.312
,17060.00,-29.357
,17070.00,-29.405
,,
,,
,,
,,
,,
,,
,,
,,
,,
,,
,,
,,
,,
,,
,,
,,
,,
,,
,,
,,
,,
,,
,,
,,
,,
,,
,,
,,
,,
,,
,,
,,
,,
,,
,,
,,
,,
,,
,,
,,
,,
,,
,,
,,
,,
,,
,,
,,
,,
,,
,,
,,
,,
,,
,,
,,
,,
,,
,,
,,
,,
,,
,,
,,
,,
,,
,,
,,
,,
,,
,,
,,
,,
,,
,,
,,
,,
,,
,,
,,
,,
,,
,,
,,
,,
,,
,,
,,
,,
,,
,,
,,
,,
,,
,,
,,
,,
,,
,,
,,
,,
,,
,,
,,
,,
,,
,,
,,
,,
,,
,,
,,
,,
,,
,,
,,
,,
,,
,,
,,
,,
,,
,,
,,
,,
,,
,,
,,
,,
,,
,,
,,
,,
,,
,,
,,
,,
,,
,,
,,
,,
,,
,,
,,
,,
,,
,,
,,
,,
,,
,,
,,
,,
,,
,,
,,
,,
,,
,,
,,
,,
,,
,,
,,
,,
,,
,,
,,
,,
,,
,,
,,
,,
,,
,,
,,
,,
,,
,,
,,
,,
,,
,,
,,
,,
,,
,,
,,
,,
,,
,,
,,
,,
,,
,,
,,
,,
,,
,,
,,
,,
,,
,,
,,
,,
,,
,,
,,
,,
,,
,,
,,
,,
,,
,,
,,
,,
,,
,,
,,
,,
,,
,,
,,
,,
,,
,,
,,
,,
,,
,,
,,
,,
,,
,,
,,
,,
,,
,,
,,
,,
,,
,,
,,
,,
,,
,,
,,
,,
,,
,,
,,
,,
,,
,,
,,
,,
,,
,,
,,
,,
,,
,,
,,
,,
,,
,,
,,
,,
,,
,,
,,
,,
,,
,,
,,
,,
,,
,,
,,
,,
,,
,,
,,
,,
,,
,,
,,
,,
,,
,,
,,
,,
,,
,,
,,
,,
,,
,,
,,
,,
,,
,,
,,
,,
,,
,,
,,
,,
,,
,,
,,
,,
,,
,,
,,
,,
,,
,,
,,
,,
,,
,,
,,
,,
,,
,,
,,
,,
,,
,,
,,
,,
,,
,,
,,
,,
,,
,,
,,
,,
,,
,,
,,
,,
,,
,,
,,
,,
,,
,,
,,
,,
,,
,,
,,
,,
,,
,,
,,
,,
,,
,,
,,
,,
,,
,,
,,
,,
,,
,,
,,
,,
,,
,,
,,
,,
,,
,,
,,
,,
,,
,,
,,
,,
,,
,,
,,
,,
,,
,,
,,
,,
,,
,,
,,
,,
,,
,,
,,
,,
,,
,,
,,
,,
,,
,,
,,
,,
,,
,,
,,
,,
,,
,,
,,
,,
,,
,,
,,
,,
,,
,,
,,
,,
,,
,,
,,
,,
,,
,,
,,
,,
,,
,,
,,
,,
,,
,,
,,
,,
,,
,,
,,
,,
,,
,,
,,
,,
,,
,,
,,
,,
,,
,,
,,
,,
,,
,,
,,
,,
,,
,,
,,
,,
,,
,,
,,
,,
,,
,,
,,
,,
,,
,,
,,
,,
,,
,,
,,
,,
,,
,,
,,
,,
,,
,,
,,
,,
,,
,,
,,
,,
,,
,,
,,
,,
,,
,,
,,
,,
,,
,,
,,
,,
,,
,,
,,
,,
,,
,,
,,
,,
,,
,,
,,
,,
,,
,,
,,
,,
,,
,,
,,
,,
,,
,,
,,
,,
,,
,,
,,
,,
,,
,,
,,
,,
,,
,,
,,
,,
,,
,,
,,
,,
,,
,,
,,
,,
,,
,,
,,
,,
,,
,,
,,
,,
,,
,,
,,
,,
,,
,,
,,
,,
,,
,,
,,
,,
,,
,,
,,
,,
,,
,,
,,
,,
,,
,,
,,
,,
,,
,,
,,
,,
,,
,,
,,
,,
,,
,,
,,
,,
,,
,,
,,
,,
,,
,,
,,
,,
,,
,,
,,
,,
,,
,,
,,
,,
,,
,,
,,
,,
,,
,,
,,
,,
,,
,,
,,
,,
,,
,,
,,
,,
,,
,,
,,
,,
,,
,,
,,
,,
,,
,,
,,
,,
,,
,,
,,
,,
,,
,,
,,
,,
,,
,,
,,
,,
,,
,,
,,
,,
,,
,,
,,
,,
,,
,,
,,
,,
,,
,,
,,
,,
,,
,,
,,
,,
,,
,,
,,
,,
,,
,,
,,
,,
,,
,,
,,
,,
,,
,,
,,
,,
,,
,,
,,
,,
,,
,,
,,
,,
,,
,,
,,
,,
,,
,,
,,
,,
,,
,,
,,
,,
,,
,,
,,
,,
,,
,,
,,
,,
,,
,,
,,
,,
,,
,,
,,
,,
,,
,,
,,
,,
,,
,,
,,
,,
,,
,,
,,
,,
,,
,,
,,
,,
,,
,,
,,
,,
,,
,,
,,
,,
,,
,,
,,
,,
,,
,,
,,
,,
,,
,,
,,
,,
,,
,,
,,
,,
,,
,,
,,
,,
,,
,,
,,
,,
,,
,,
,,
,,
,,
,,
,,
,,
,,
,,
,,
,,
,,
,,
,,
,,
,,
,,
,,
,,
,,
,,
,,
,,
,,
,,
,,
,,
,,
,,
,,
,,
,,
,,
,,
,,
,,
,,
,,
,,
,,
,,
,,
,,
,,
,,
,,
,,
,,
,,
,,
,,
,,
,,
,,
,,
,,
,,
,,
,,
,,
,,
,,
,,
,,
,,
,,
,,
,,
,,
,,
,,
,,
,,
,,
,,
,,
,,
,,
,,
,,
,,
,,
,,
,,
,,
,,
,,
,,
,,
,,
,,
,,
,,
,,
,,
,,
,,
,,
,,
,,
,,
,,
,,
,,
,,
,,
,,
,,
,,
,,
,,
,,
,,
,,
,,
,,
,,
,,
,,
,,
,,
,,
,,
,,
,,
,,
,,
,,
,,
,,
,,
,,
,,
,,
,,
,,
,,
,,
,,
,,
,,
,,
,,
,,
,,
,,
,,
,,
,,
,,
,,
,,
,,
,,
,,
,,
,,
,,
,,
,,
,,
,,
,,
,,
,,
,,
,,
,,
,,
,,
,,
,,
,,
,,
,,
,,
,,
,,
,,
,,
,,
,,
,,
,,
,,
,,
,,
,,
,,
,,
,,
,,
,,
,,
,,
,,
,,
,,
,,
,,
,,
,,
,,
,,
,,
,,
,,
,,
,,
,,
,,
,,
,,
,,
,,
,,
,,
,,
,,
,,
,,
,,
,,
,,
,,
,,
,,
,,
,,
,,
,,
,,
,,
,,
,,
,,
,,
,,
,,
,,
,,
,,
,,
,,
,,
,,
,,
,,
,,
,,
,,
,,
,,
,,
,,
,,
,,
,,
,,
,,
,,
,,
,,
,,
,,
,,
,,
,,
,,
,,
,,
,,
,,
,,
,,
,,
,,
,,
,,
,,
,,
,,
,,
,,
,,
,,
,,
,,-28.811
,,-28.809
,,-28.772
,,-28.769
,,-28.782
,,-28.82
,,-28.828
,,-28.858
,,-28.93
,,-28.944
,,-28.993
,,-29.06
,,-29.103
,,-29.15
,,-29.174
,,-29.083
,,-29.187
,,-29.257
,,-29.334
,,-29.406
,,-29.412
,,-29.441
,,-29.452
,,-29.498
,,-29.465
,,-29.536
,,-29.6
,,-29.631
,,-29.682
,,-29.717
,,-29.669
,,-29.718
,,-29.794
,,-29.827
,,-29.857
,,-29.91
,,-29.927
,,-29.954
,,-29.889
,,-29.961
,,-29.993
,,-29.993
,,-30.008
,,-30.001
,,-29.99
,,-29.932
,,-29.908
,,-29.857
,,-29.794
,,-29.693
,,-29.499
,,-29.273
,,-29.021
,,-28.752
,,-28.484
,,-28.243
,,-28.079
,,-27.982
,,-27.882
,,-27.793
,,-27.727
,,-27.655
,,-27.618
,,-27.618
,,-27.638
,,-27.652
,,-27.69
,,-27.721
,,-27.766
,,-27.779
,,-27.839
,,-27.927
,,-27.967
,,-27.996
,,-28.051
,,-28.121
,,-28.163
,,-28.097
,,-28.155
,,-28.318
,,-28.377
,,-28.433
,,-28.52
,,-28.567
,,-28.578
,,-28.642
,,-28.689
,,-28.739
,,-28.818
,,-28.846
,,-28.882
,,-28.881
,,-28.891
,,-28.988
,,-29.07
,,-29.092
,,-29.065
,,-29.15
,,-29.17
,,-29.233
,,-29.278
,,-29.334
,,-29.375
,,-29.305
,,-29.336
,,-29.35
,,-29.377
,,-29.317
,,-29.299
,,-29.267
,,-29.23
,,-29.203
,,-29.159
,,-29.094
,,-29.067
,,-28.991
,,-28.936
,,-28.904
,,-28.83
,,-28.776
,,-28.711
,,-28.652
,,-28.587
,,-28.522
,,-28.485
,,-28.447
,,-28.428
,,-28.46
,,-28.437
,,-28.471
,,-28.488
,,-28.51
,,-28.537
,,-28.574
,,-28.604
,,-28.662
,,-28.726
,,-28.743
,,-28.805
,,-28.827
,,-28.834
,,-28.933
,,-29.04
,,-29.067
,,-29.161
,,-29.219
,,-29.231
,,-29.267
,,-29.27
,,-29.286
,,-29.318
,,-29.396
,,-29.381
,,-29.431
,,-29.482
,,-29.544
,,-29.586
,,-29.64
,,-29.641
,,-29.697
,,-29.704
,,-29.715
,,-29.66
,,-29.769
,,-29.794
,,-29.785
,,-29.816
,,-29.86
,,-29.856
,,-29.797
,,-29.776
,,-29.744
,,-29.685
,,-29.626
,,-29.571
,,-29.521
,,-29.477
,,-29.403
,,-29.362
,,-29.279
,,-29.226
,,-29.169
,,-29.096
,,-29.037
,,-28.969
,,-28.912
,,-28.851
,,-28.825
,,-28.791
,,-28.821
,,-28.816
,,-28.846
,,-28.868
,,-28.884
,,-28.929
,,-28.947
,,-29.001
,,-29.045
,,-29.071
,,-29.118
,,-29.168
,,-29.203
,,-29.225
,,-29.29
,,-29.33
,,-29.399
,,-29.453
,,-29.489
,,-29.549
,,-29.568
,,-29.602
,,-29.66
,,-29.678
,,-29.664
,,-29.66
,,-29.67
,,-29.726
,,-29.77
,,-29.814
,,-29.847
,,-29.884
,,-29.928
,,-29.957
,,-29.989
,,-30.006
,,-30.04
,,-30.101
,,-30.102
,,-30.067
,,-30.052
,,-30.033
,,-30.006
,,-29.956
,,-29.91
,,-29.864
,,-29.758
,,-29.586
,,-29.354
,,-29.052
,,-28.793
,,-28.521
,,-28.31
,,-28.165
,,-28.051
,,-27.954
,,-27.884
,,-27.822
,,-27.74
,,-27.733
,,-27.686
,,-27.718
,,-27.747
,,-27.771
,,-27.859
,,-27.883
,,-27.923
,,-27.971
,,-28.058
,,-28.11
,,-28.091
,,-28.139
,,-28.226
,,-28.301
,,-28.345
,,-28.425
,,-28.488
,,-28.532
,,-28.611
,,-28.663
,,-28.679
,,-28.664
,,-28.747
,,-28.807
,,-28.858
,,-28.922
,,-28.974
,,-28.982
,,-28.986
,,-29.058
,,-29.137
,,-29.13
,,-29.178
,,-29.253
,,-29.285
,,-29.361
,,-29.357
,,-29.425
,,-29.441
,,-29.434
,,-29.422
,,-29.439
,,-29.361
,,-29.298
,,-29.259
,,-29.24
,,-29.174
,,-29.147
,,-29.108
,,-29.049
,,-29.003
,,-28.956
,,-28.889
,,-28.831
,,-28.78
,,-28.69
,,-28.628
,,-28.566
,,-28.523
,,-28.484
,,-28.481
,,-28.466
,,-28.467
,,-28.48
,,-28.54
,,-28.513
,,-28.554
,,-28.653
,,-28.678
,,-28.734
,,-28.723
,,-28.744
,,-28.749
,,-28.809
,,-28.924
,,-28.996
,,-29.076
,,-29.128
,,-29.202
,,-29.261
,,-29.305
,,-29.338
,,-29.358
,,-29.387
,,-29.435
,,-29.472
,,-29.504
,,-29.514
,,-29.55
,,-29.587
,,-29.616
,,-29.684
,,-29.696
,,-29.764
,,-29.797
,,-29.81
,,-29.849
,,-29.858
,,-29.928
,,-29.931
,,-29.902
,,-29.848
,,-29.816
,,-29.787
,,-29.715
,,-29.669
,,-29.65
,,-29.602
,,-29.545
,,-29.465
,,-29.403
,,-29.38
,,-29.316
,,-29.25
,,-29.187
,,-29.113
,,-29.058
,,-28.998
,,-28.932
,,-28.895
,,-28.895
,,-28.859
,,-28.824
,,-28.872
,,-28.892
,,-28.934
,,-28.948
,,-29
,,-28.987
,,-29.029
,,-29.1
,,-29.124
,,-29.152
,,-29.19
,,-29.268
,,-29.319
,,-29.371
,,-29.423
,,-29.476
,,-29.514
,,-29.542
,,-29.59
,,-29.59
,,-29.638
,,-29.658
,,-29.674
,,-29.726
,,-29.753
,,-29.789
,,-29.866
,,-29.908
,,-29.902
,,-29.96
,,-29.94
,,-29.964
,,-30.042
,,-30.064
,,-30.092
,,-30.115
,,-30.117
,,-30.093
,,-30.075
,,-30.001
,,-29.969
,,-29.95
,,-29.918
,,-29.865
,,-29.822
,,-29.745
,,-29.698
,,-29.655
,,-29.623
,,-29.509
,,-29.3
,,-29.056
,,-28.791
,,-28.501
,,-28.192
,,-27.973
,,-27.848
,,-27.767
,,-27.73
,,-27.752
,,-27.711
,,-27.755
,,-27.73
,,-27.784
,,-27.865
,,-27.909
,,-27.947
,,-28.046
,,-28.04
,,-28.084
,,-28.146
,,-28.207
,,-28.267
,,-28.346
,,-28.449
,,-28.536
,,-28.615
,,-28.657
,,-28.674
,,-28.725
,,-28.765
,,-28.809
,,-28.819
,,-28.859
,,-28.917
,,-28.939
,,-28.989
,,-29.029
,,-29.071
,,-29.129
,,-29.189
,,-29.225
,,-29.25
,,-29.274
,,-29.308
,,-29.326
,,-29.386
,,-29.421
,,-29.416
,,-29.44
,,-29.384
,,-29.353
,,-29.342
,,-29.291
,,-29.245
,,-29.197
,,-29.156
,,-29.113
,,-29.061
,,-29.019
,,-28.951
,,-28.906
,,-28.836
,,-28.786
,,-28.719
,,-28.667
,,-28.615
,,-28.543
,,-28.495
,,-28.458
,,-28.467
,,-28.423
,,-28.42
,,-28.419
,,-28.469
,,-28.5
,,-28.58
,,-28.643
,,-28.697
,,-28.742
,,-28.786
,,-28.833
,,-28.886
,,-28.938
,,-28.965
,,-29.063
,,-29.102
,,-29.173
,,-29.239
,,-29.274
,,-29.337
,,-29.326
,,-29.354
,,-29.353
,,-29.382
,,-29.417
,,-29.44
,,-29.499
,,-29.536
,,-29.585
,,-29.658
,,-29.679
,,-29.699
,,-29.702
,,-29.743
,,-29.751
,,-29.829
,,-29.892
,,-29.961
,,-29.956
,,-29.92
,,-29.906
,,-29.845
,,-29.797
,,-29.755
,,-29.713
,,-29.66
,,-29.612
,,-29.553
,,-29.485
,,-29.441
,,-29.388
,,-29.328
,,-29.253
,,-29.178
,,-29.101
,,-29.039
,,-28.974
,,-28.899
,,-28.873
,,-28.841
,,-28.845
,,-28.868
,,-28.872
,,-28.879
,,-28.901
,,-28.95
,,-28.987
,,-29.009
,,-29.073
,,-29.113
,,-29.148
,,-29.192
,,-29.146
,,-29.205
,,-29.306
,,-29.375
,,-29.438
,,-29.499
,,-29.515
,,-29.545
,,-29.553
,,-29.508
,,-29.591
,,-29.621
,,-29.706
,,-29.771
,,-29.787
,,-29.861
,,-29.89
,,-29.938
,,-29.928
,,-29.958
,,-30.02
,,-30.06
,,-30.092
,,-30.122
,,-30.137
,,-30.096
,,-30.156
,,-30.117
,,-30.079
,,-30.036
,,-29.979
,,-29.973
,,-29.924
,,-29.858
,,-29.808
,,-29.748
,,-29.691
,,-29.622
,,-29.581
,,-29.539
,,-29.476
,,-29.419
,,-29.264
,,-29.061
,,-28.809
,,-28.523
,,-28.221
,,-28.021
,,-27.914
,,-27.842
,,-27.801
,,-27.849
,,-27.903
,,-27.952
,,-27.972
,,-27.997
,,-28.049
,,-28.066
,,-28.169
,,-28.225
,,-28.283
,,-28.324
,,-28.229
,,-28.371
,,-28.458
,,-28.55
,,-28.61
,,-28.685
,,-28.709
,,-28.743
,,-28.801
,,-28.874
,,-28.878
,,-28.908
,,-28.936
,,-28.92
,,-28.996
,,-29.091
,,-29.135
,,-29.179
,,-29.214
,,-29.253
,,-29.307
,,-29.364
,,-29.383
,,-29.432
,,-29.476
,,-29.484
,,-29.452
,,-29.49
,,-29.445
,,-29.392
,,-29.383
,,-29.334
,,-29.307
,,-29.259
,,-29.195
,,-29.174
,,-29.125
,,-29.07
,,-28.993
,,-28.943
,,-28.875
,,-28.803
,,-28.745
,,-28.69
,,-28.629
,,-28.568
,,-28.533
,,-28.509
,,-28.483
,,-28.473
,,-28.47
,,-28.502
,,-28.56
,,-28.609
,,-28.651
,,-28.69
,,-28.71
,,-28.761
,,-28.815
,,-28.755
,,-28.833
,,-28.896
,,-28.925
,,-29.001
,,-29.062
,,-29.137
,,-29.2
,,-29.236
,,-29.239
,,-29.269
,,-29.311
,,-29.354
,,-29.392
,,-29.422
,,-29.476
,,-29.522
,,-29.552
,,-29.568
,,-29.507
,,-29.6
,,-29.662
,,-29.698
,,-29.716
,,-29.752
,,-29.825
,,-29.889
,,-29.916
,,-29.844
,,-29.876
,,-29.882
,,-29.868
,,-29.848
,,-29.786
,,-29.775
,,-29.731
,,-29.673
,,-29.64
,,-29.586
,,-29.539
,,-29.488
,,-29.441
,,-29.375
,,-29.296
,,-29.225
,,-29.16
,,-29.099
,,-29.04
,,-28.96
,,-28.909
,,-28.877
,,-28.867
,,-28.881
,,-28.844
,,-28.855
,,-28.9
,,-28.916
,,-28.941
,,-28.945
,,-29.009
,,-28.958
,,-28.917
,,-28.981
,,-29.09
,,-29.195
,,-29.253
,,-29.32
,,-29.385
,,-29.424
,,-29.444
,,-29.485
,,-29.534
,,-29.562
,,-29.581
,,-29.614
,,-29.693
,,-29.732
,,-29.733
,,-29.773
,,-29.744
,,-29.804
,,-29.813
,,-29.852
,,-29.874
,,-29.91
,,-29.959
,,-29.978
,,-30.031
,,-30.072
,,-30.072
,,-30.074
,,-30.047
,,-30.037
,,-30.049
,,-30.018
,,-30.003
,,-29.969
,,-29.936
,,-29.882
,,-29.846
,,-29.794
,,-29.747
,,-29.706
,,-29.638
,,-29.581
,,-29.515
,,-29.427
,,-29.257
,,-29.024
,,-28.751
,,-28.452
,,-28.154
,,-27.985
,,-27.907
,,-27.857
,,-27.817
,,-27.823
,,-27.836
,,-27.934
,,-27.979
,,-27.993
,,-28.015
,,-27.985
,,-28.039
,,-28.125
,,-28.177
,,-28.253
,,-28.318
,,-28.416
,,-28.497
,,-28.567
,,-28.609
,,-28.683
,,-28.697
,,-28.741
,,-28.785
,,-28.803
,,-28.814
,,-28.877
,,-28.887
,,-28.927
,,-28.97
,,-29.012
,,-29.052
,,-29.113
,,-29.169
,,-29.21
,,-29.271
,,-29.287
,,-29.306
,,-29.363
,,-29.385
,,-29.428
,,-29.447
,,-29.452
,,-29.42
,,-29.423
,,-29.385
,,-29.353
,,-29.309
,,-29.279
,,-29.227
,,-29.191
,,-29.145
,,-29.088
,,-29.045
,,-28.947
,,-28.909
,,-28.844
,,-28.787
,,-28.717
,,-28.658
,,-28.608
,,-28.52
,,-28.5
,,-28.489
,,-28.466
,,-28.446
,,-28.433
,,-28.505
,,-28.552
,,-28.579
,,-28.617
,,-28.648
,,-28.709
,,-28.747
,,-28.777
,,-28.842
,,-28.793
,,-28.803
,,-28.865
,,-28.847
,,-28.968
,,-29.073
,,-29.146
,,-29.219
,,-29.273
,,-29.343
,,-29.365
,,-29.391
,,-29.405
,,-29.451
,,-29.485
,,-29.488
,,-29.534
,,-29.611
,,-29.578
,,-29.621
,,-29.635
,,-29.677
,,-29.715
,,-29.777
,,-29.803
,,-29.79
,,-29.836
,,-29.882
,,-29.881
,,-29.872
,,-29.875
,,-29.85
,,-29.798
,,-29.757
,,-29.709
,,-29.672
,,-29.623
,,-29.551
,,-29.487
,,-29.446
,,-29.402
,,-29.306
,,-29.273
,,-29.194
,,-29.145
,,-29.061
,,-28.997
,,-28.941
,,-28.884
,,-28.879
,,-28.847
,,-28.83
,,-28.833
,,-28.879
,,-28.918
,,-28.929
,,-28.92
,,-28.978
,,-29.001
,,-29.043
,,-29.023
,,-29.069
,,-29.159
,,-29.213
,,-29.28
,,-29.33
,,-29.345
,,-29.289
,,-29.347
,,-29.461
,,-29.496
,,-29.566
,,-29.565
,,-29.615
,,-29.654
,,-29.602
,,-29.672
,,-29.66
,,-29.754
,,-29.816
,,-29.866
,,-29.87
,,-29.889
,,-29.88
,,-29.942
,,-30.001
,,-30.016
,,-30.023
,,-30.047
,,-30.09
,,-30.114
,,-30.121
,,-30.1
,,-30.035
,,-30.031
,,-29.97
,,-29.918
,,-29.866
,,-29.803
,,-29.774
,,-29.715
,,-29.655
,,-29.615
,,-29.539
,,-29.404
,,-29.195
,,-28.914
,,-28.649
,,-28.361
,,-28.092
,,-28.008
,,-27.929
,,-27.908
,,-27.852
,,-27.832
,,-27.878
,,-27.905
,,-27.991
,,-28.018
,,-28.068
,,-28.13
,,-28.157
,,-28.211
,,-28.289
,,-28.351
,,-28.358
,,-28.428
,,-28.498
,,-28.588
,,-28.665
,,-28.707
,,-28.75
,,-28.788
,,-28.806
,,-28.856
,,-28.836
,,-28.885
,,-28.967
,,-29.013
,,-29.063
,,-29.03
,,-29.112
,,-29.154
,,-29.22
,,-29.25
,,-29.276
,,-29.306
,,-29.38
,,-29.406
,,-29.428
,,-29.478
,,-29.485
,,-29.475
,,-29.482
,,-29.473
,,-29.436
,,-29.418
,,-29.362
,,-29.337
,,-29.296
,,-29.185
,,-29.152
,,-29.111
,,-29.066
,,-28.986
,,-28.934
,,-28.877
,,-28.844
,,-28.764
,,-28.696
,,-28.632
,,-28.587
,,-28.57
,,-28.561
,,-28.536
,,-28.507
,,-28.522
,,-28.596
,,-28.65
,,-28.684
,,-28.699
,,-28.734
,,-28.78
,,-28.854
,,-28.888
,,-28.852
,,-28.871
,,-28.965
,,-29.046
,,-29.101
,,-29.135
,,-29.178
,,-29.236
,,-29.259
,,-29.337
,,-29.352
,,-29.375
,,-29.437
,,-29.417
,,-29.463
,,-29.506
,,-29.525
,,-29.571
,,-29.57
,,-29.656
,,-29.695
,,-29.722
,,-29.725
,,-29.724
,,-29.79
,,-29.786
,,-29.832
,,-29.879
,,-29.894
,,-29.905
,,-29.905
,,-29.853
,,-29.817
,,-29.804
,,-29.737
,,-29.685
,,-29.672
,,-29.593
,,-29.572
,,-29.513
,,-29.465
,,-29.417
,,-29.338
,,-29.266
,,-29.199
,,-29.139
,,-29.06
,,-28.988
,,-28.944
,,-28.904
,,-28.876
,,-28.856
,,-28.84
,,-28.859
,,-28.894
,,-28.941
,,-28.944
,,-28.932
,,-28.983
,,-29.062
,,-29.101
,,-29.12
,,-29.144
,,-29.163
,,-29.214
,,-29.277
,,-29.335
,,-29.347
,,-29.378
,,-29.449
,,-29.464
,,-29.513
,,-29.541
,,-29.582
,,-29.617
,,-29.652
,,-29.662
,,-29.658
,,-29.718
,,-29.74
,,-29.769
,,-29.826
,,-29.893
,,-29.902
,,-29.93
,,-30.01
,,-30.04
,,-30.082
,,-30.08
,,-30.094
,,-30.111
,,-30.135
,,-30.123
,,-30.101
,,-30.038
,,-29.984
,,-29.956
,,-29.924
,,-29.879
,,-29.807
,,-29.776
,,-29.712
,,-29.657
,,-29.609
,,-29.483
,,-29.293
,,-29.037
,,-28.762
,,-28.46
,,-28.224
,,-28.091
,,-27.986
,,-27.949
,,-27.93
,,-27.901
,,-27.926
,,-27.916
,,-27.994
,,-28.007
,,-28.058
,,-28.093
,,-28.149
,,-28.216
,,-28.29
,,-28.274
,,-28.307
,,-28.407
,,-28.481
,,-28.537
,,-28.596
,,-28.691
,,-28.744
,,-28.759
,,-28.823
,,-28.836
,,-28.904
,,-28.911
,,-28.936
,,-29
,,-29.064
,,-29.096
,,-29.151
,,-29.152
,,-29.176
,,-29.193
,,-29.253
,,-29.27
,,-29.274
,,-29.341
,,-29.385
,,-29.441
,,-29.478
,,-29.549
,,-29.539
,,-29.563
,,-29.564
,,-29.528
,,-29.503
,,-29.443
,,-29.415
,,-29.39
,,-29.336
,,-29.306
,,-29.253
,,-29.187
,,-29.127
,,-29.091
,,-29.015
,,-28.963
,,-28.891
,,-28.829
,,-28.761
,,-28.695
,,-28.639
,,-28.605
,,-28.585
,,-28.588
,,-28.583
,,-28.592
,,-28.611
,,-28.678
,,-28.675
,,-28.716
,,-28.758
,,-28.781
,,-28.763
,,-28.821
,,-28.882
,,-28.998
,,-28.997
,,-28.959
,,-29.069
,,-29.13
,,-29.196
,,-29.284
,,-29.256
,,-29.217
,,-29.234
,,-29.342
,,-29.381
,,-29.41
,,-29.475
,,-29.545
,,-29.584
,,-29.598
,,-29.625
,,-29.644
,,-29.663
,,-29.736
,,-29.773
,,-29.767
,,-29.8
,,-29.868
,,-29.907
,,-29.927
,,-29.926
,,-29.944
,,-29.89
,,-29.876
,,-29.838
,,-29.797
,,-29.767
,,-29.719
,,-29.679
,,-29.612
,,-29.56
,,-29.507
,,-29.473
,,-29.413
,,-29.356
,,-29.294
,,-29.223
,,-29.144
,,-29.069
,,-29.005
,,-28.96
,,-28.908
,,-28.882
,,-28.862
,,-28.866
,,-28.895
,,-28.915
,,-28.915
,,-28.94
,,-28.981
,,-29.023
,,-29.062
,,-29.111
,,-29.111
,,-29.121
,,-29.144
,,-29.219
,,-29.288
,,-29.367
,,-29.42
,,-29.459
,,-29.496
,,-29.5
,,-29.53
,,-29.54
,,-29.474
,,-29.557
,,-29.64
,,-29.669
,,-29.738
,,-29.626
,,-29.667
,,-29.779
,,-29.84
,,-29.839
,,-29.931
,,-29.838
,,-29.935
,,-29.992
,,-30.02
,,-30.012
,,-30.09
,,-30.128
,,-30.162
,,-30.146
,,-30.15
,,-30.1
,,-30.037
,,-29.985
,,-29.922
,,-29.884
,,-29.849
,,-29.821
,,-29.756
,,-29.644
,,-29.484
,,-29.202
,,-28.941
,,-28.671
,,-28.462
,,-28.326
,,-28.227
,,-28.116
,,-28.047
,,-28.051
,,-28.041
,,-28.029
,,-28.009
,,-28.026
,,-28.032
,,-28.108
,,-28.159
,,-28.159
,,-28.218
,,-28.27
,,-28.337
,,-28.39
,,-28.354
,,-28.383
,,-28.428
,,-28.537
,,-28.627
,,-28.704
,,-28.782
,,-28.801
,,-28.857
,,-28.9
,,-28.918
,,-28.954
,,-28.935
,,-29.011
,,-29.072
,,-29.11
,,-29.141
,,-29.163
,,-29.215
,,-29.257
,,-29.28
,,-29.317
,,-29.353
,,-29.396
,,-29.442
,,-29.41
,,-29.469
,,-29.535
,,-29.562
,,-29.576
,,-29.552
,,-29.539
,,-29.511
,,-29.435
,,-29.407
,,-29.363
,,-29.314
,,-29.278
,,-29.23
,,-29.17
,,-29.095
,,-29.031
,,-28.975
,,-28.899
,,-28.863
,,-28.795
,,-28.728
,,-28.684
,,-28.636
,,-28.596
,,-28.603
,,-28.583
,,-28.606
,,-28.633
,,-28.648
,,-28.683
,,-28.714
,,-28.761
,,-28.756
,,-28.705
,,-28.826
,,-28.897
,,-28.96
,,-28.999
,,-29.089
,,-29.155
,,-29.171
,,-29.245
,,-29.324
,,-29.363
,,-29.367
,,-29.382
,,-29.409
,,-29.48
,,-29.476
,,-29.523
,,-29.531
,,-29.558
,,-29.601
,,-29.66
,,-29.671
,,-29.691
,,-29.718
,,-29.761
,,-29.725
,,-29.768
,,-29.859
,,-29.855
,,-29.906
,,-29.968
,,-29.984
,,-29.972
,,-29.948
,,-29.916
,,-29.877
,,-29.802
,,-29.758
,,-29.718
,,-29.687
,,-29.627
,,-29.58
,,-29.516
,,-29.465
,,-29.394
,,-29.323
,,-29.263
,,-29.192
,,-29.129
,,-29.058
,,-28.979
,,-28.939
,,-28.916
,,-28.9
,,-28.876
,,-28.856
,,-28.876
,,-28.93
,,-28.958
,,-28.993
,,-29.029
,,-29.056
,,-29.12
,,-29.151
,,-29.159
,,-29.234
,,-29.139
,,-29.183
,,-29.159
,,-29.289
,,-29.407
,,-29.506
,,-29.557
,,-29.585
,,-29.612
,,-29.648
,,-29.655
,,-29.667
,,-29.719
,,-29.703
,,-29.742
,,-29.837
,,-29.821
,,-29.813
,,-29.904
,,-29.955
,,-29.99
,,-30.002
,,-30.05
,,-30.038
,,-30.067
,,-30.111
,,-30.087
,,-30.071
,,-30.083
,,-30.087
,,-30.079
,,-30.03
,,-29.975
,,-29.971
,,-29.912
,,-29.872
,,-29.817
,,-29.691
,,-29.478
,,-29.253
,,-28.985
,,-28.698
,,-28.54
,,-28.418
,,-28.339
,,-28.248
,,-28.15
,,-28.102
,,-28.071
,,-28.075
,,-28.059
,,-28.098
,,-28.133
,,-28.129
,,-28.125
,,-28.168
,,-28.223
,,-28.29
,,-28.365
,,-28.357
,,-28.412
,,-28.502
,,-28.569
,,-28.592
,,-28.663
,,-28.702
,,-28.682
,,-28.74
,,-28.827
,,-28.807
,,-28.874
,,-28.944
,,-28.983
,,-29.03
,,-29.081
,,-29.093
,,-29.132
,,-29.092
,,-29.143
,,-29.241
,,-29.272
,,-29.327
,,-29.363
,,-29.437
,,-29.504
,,-29.504
,,-29.524
,,-29.543
,,-29.515
,,-29.602
,,-29.665
,,-29.661
,,-29.646
,,-29.618
,,-29.586
,,-29.559
,,-29.508
,,-29.457
,,-29.394
,,-29.354
,,-29.307
,,-29.284
,,-29.213
,,-29.17
,,-29.124
,,-29.026
,,-28.963
,,-28.897
,,-28.854
,,-28.791
,,-28.709
,,-28.675
,,-28.644
,,-28.613
,,-28.583
,,-28.58
,,-28.589
,,-28.672
,,-28.709
,,-28.761
,,-28.79
,,-28.823
,,-28.84
,,-28.9
,,-28.945
,,-28.982
,,-28.979
,,-28.973
,,-29.081
,,-29.181
,,-29.242
,,-29.315
,,-29.32
,,-29.366
,,-29.371
,,-29.437
,,-29.49
,,-29.492
,,-29.45
,,-29.472
,,-29.533
,,-29.607
,,-29.656
,,-29.71
,,-29.724
,,-29.754
,,-29.812
,,-29.806
,,-29.845
,,-29.883
,,-29.944
,,-29.978
,,-30.017
,,-29.999
,,-29.978
,,-29.977
,,-29.944
,,-29.908
,,-29.839
,,-29.801
,,-29.774
,,-29.739
,,-29.691
,,-29.634
,,-29.54
,,-29.486
,,-29.432
,,-29.37
,,-29.3
,,-29.222
,,-29.146
,,-29.085
,,-29.021
,,-28.973
,,-28.964
,,-28.949
,,-28.958
,,-28.935
,,-28.912
,,-28.984
,,-28.993
,,-29.022
,,-29.056
,,-29.089
,,-29.133
,,-29.194
,,-29.175
,,-29.107
,,-29.107
,,-29.216
,,-29.324
,,-29.418
,,-29.458
,,-29.521
,,-29.593
,,-29.632
,,-29.655
,,-29.719
,,-29.738
,,-29.788
,,-29.799
,,-29.814
,,-29.819
,,-29.801
,,-29.873
,,-29.924
,,-29.988
,,-30.017
,,-30.048
,,-30.045
,,-30.097
,,-30.15
,,-30.161
,,-30.16
,,-30.208
,,-30.203
,,-30.172
,,-30.127
,,-30.088
,,-30.014
,,-30.017
,,-29.935
,,-29.769
,,-29.563
,,-29.307
,,-29.044
,,-28.887
,,-28.76
,,-28.67
,,-28.598
,,-28.526
,,-28.454
,,-28.383
,,-28.319
,,-28.239
,,-28.188
,,-28.161
,,-28.156
,,-28.197
,,-28.18
,,-28.2
,,-28.236
,,-28.258
,,-28.321
,,-28.379
,,-28.413
,,-28.47
,,-28.52
,,-28.544
,,-28.528
,,-28.663
,,-28.718
,,-28.785
,,-28.855
,,-28.89
,,-28.938
,,-28.984
,,-29.002
,,-29.031
,,-29.073
,,-29.016
,,-29.142
,,-29.208
,,-29.247
,,-29.271
,,-29.315
,,-29.354
,,-29.406
,,-29.467
,,-29.511
,,-29.546
,,-29.574
,,-29.62
,,-29.642
,,-29.693
,,-29.733
,,-29.723
,,-29.706
,,-29.706
,,-29.665
,,-29.635
,,-29.588
,,-29.533
,,-29.504
,,-29.453
,,-29.402
,,-29.353
,,-29.309
,,-29.225
,,-29.207
,,-29.12
,,-29.067
,,-28.997
,,-28.935
,,-28.868
,,-28.784
,,-28.766
,,-28.711
,,-28.696
,,-28.7
,,-28.717
,,-28.741
,,-28.755
,,-28.769
,,-28.848
,,-28.892
,,-28.902
,,-28.959
,,-28.989
,,-29.029
,,-29.102
,,-29.136
,,-29.174
,,-29.247
,,-29.269
,,-29.325
,,-29.363
,,-29.403
,,-29.455
,,-29.512
,,-29.517
,,-29.509
,,-29.587
,,-29.599
,,-29.625
,,-29.653
,,-29.728
,,-29.794
,,-29.832
,,-29.825
,,-29.869
,,-29.887
,,-29.866
,,-29.921
,,-29.983
,,-30.025
,,-30.022
,,-30.063
,,-30.047
,,-30.001
,,-29.951
,,-29.882
,,-29.865
,,-29.801
,,-29.777
,,-29.699
,,-29.654
,,-29.594
,,-29.535
,,-29.478
,,-29.41
,,-29.363
,,-29.287
,,-29.214
,,-29.167
,,-29.095
,,-29.03
,,-28.987
,,-28.964
,,-28.97
,,-28.973
,,-29.001
,,-29.051
,,-29.031
,,-29.061
,,-29.105
,,-29.159
,,-29.213
,,-29.231
,,-29.2
,,-29.265
,,-29.317
,,-29.276
,,-29.405
,,-29.474
,,-29.514
,,-29.572
,,-29.642
,,-29.711
,,-29.737
,,-29.756
,,-29.758
,,-29.784
,,-29.798
,,-29.836
,,-29.904
,,-29.948
,,-29.971
,,-29.995
,,-30.026
,,-30.098
,,-30.09
,,-30.101
,,-30.167
,,-30.232
,,-30.226
,,-30.186
,,-30.148
,,-30.165
,,-30.151
,,-30.107
,,-30.035
,,-29.977
,,-29.936
,,-29.895
,,-29.824
,,-29.686
,,-29.447
,,-29.195
,,-28.941
,,-28.71
,,-28.594
,,-28.499
,,-28.399
,,-28.329
,,-28.247
,,-28.207
,,-28.177
,,-28.168
,,-28.175
,,-28.198
,,-28.216
,,-28.256
,,-28.285
,,-28.303
,,-28.329
,,-28.402
,,-28.459
,,-28.453
,,-28.512
,,-28.601
,,-28.65
,,-28.705
,,-28.778
,,-28.855
,,-28.928
,,-28.995
,,-29.036
,,-29.067
,,-29.12
,,-29.144
,,-29.165
,,-29.175
,,-29.188
,,-29.235
,,-29.301
,,-29.268
,,-29.332
,,-29.419
,,-29.487
,,-29.545
,,-29.567
,,-29.59
,,-29.604
,,-29.675
,,-29.671
,,-29.668
,,-29.714
,,-29.732
,,-29.715
,,-29.683
,,-29.642
,,-29.62
,,-29.568
,,-29.529
,,-29.495
,,-29.427
,,-29.384
,,-29.338
,,-29.298
,,-29.252
,,-29.184
,,-29.111
,,-29.06
,,-28.989
,,-28.92
,,-28.862
,,-28.803
,,-28.758
,,-28.729
,,-28.708
,,-28.698
,,-28.691
,,-28.684
,,-28.675
,,-28.733
,,-28.78
,,-28.782
,,-28.835
,,-28.897
,,-28.948
,,-29.015
,,-29.047
,,-29.09
,,-29.138
,,-29.201
,,-29.272
,,-29.33
,,-29.391
,,-29.461
,,-29.497
,,-29.511
,,-29.549
,,-29.509
,,-29.558
,,-29.604
,,-29.662
,,-29.687
,,-29.743
,,-29.751
,,-29.782
,,-29.828
,,-29.862
,,-29.882
,,-29.919
,,-29.963
,,-30.034
,,-30.009
,,-30.029
,,-30.059
,,-30.045
,,-29.985
,,-29.942
,,-29.921
,,-29.891
,,-29.847
,,-29.797
,,-29.743
,,-29.682
,,-29.636
,,-29.561
,,-29.51
,,-29.476
,,-29.397
,,-29.338
,,-29.264
,,-29.19
,,-29.135
,,-29.069
,,-29.02
,,-28.994
,,-28.974
,,-28.952
,,-28.96
,,-28.959
,,-29.001
,,-29
,,-29.08
,,-29.114
,,-29.17
,,-29.2
,,-29.225
,,-29.239
,,-29.261
,,-29.341
,,-29.366
,,-29.33
,,-29.446
,,-29.513
,,-29.51
,,-29.588
,,-29.6
,,-29.666
,,-29.639
,,-29.692
,,-29.757
,,-29.85
,,-29.885
,,-29.931
,,-29.966
,,-30
,,-30.02
,,-30.036
,,-30.07
,,-30.096
,,-30.098
,,-30.148
,,-30.154
,,-30.206
,,-30.195
,,-30.193
,,-30.167
,,-30.128
,,-30.087
,,-30.028
,,-29.996
,,-29.944
,,-29.925
,,-29.841
,,-29.802
,,-29.671
,,-29.403
,,-29.148
,,-28.857
,,-28.654
,,-28.525
,,-28.425
,,-28.343
,,-28.261
,,-28.234
,,-28.22
,,-28.225
,,-28.23
,,-28.221
,,-28.261
,,-28.329
,,-28.319
,,-28.309
,,-28.28
,,-28.392
,,-28.456
,,-28.552
,,-28.618
,,-28.674
,,-28.703
,,-28.735
,,-28.805
,,-28.879
,,-28.96
,,-29.046
,,-29.073
,,-29.088
,,-29.139
,,-29.171
,,-29.219
,,-29.234
,,-29.251
,,-29.314
,,-29.361
,,-29.385
,,-29.434
,,-29.467
,,-29.545
,,-29.585
,,-29.654
,,-29.681
,,-29.694
,,-29.693
,,-29.669
,,-29.731
,,-29.717
,,-29.706
,,-29.702
,,-29.663
,,-29.608
,,-29.575
,,-29.545
,,-29.498
,,-29.45
,,-29.394
,,-29.329
,,-29.292
,,-29.24
,,-29.199
,,-29.136
,,-29.062
,,-28.986
,,-28.928
,,-28.87
,,-28.798
,,-28.763
,,-28.747
,,-28.724
,,-28.701
,,-28.731
,,-28.776
,,-28.814
,,-28.847
,,-28.873
,,-28.919
,,-28.96
,,-29.031
,,-29.045
,,-29.1
,,-29.147
,,-29.174
,,-29.25
,,-29.259
,,-29.343
,,-29.454
,,-29.526
,,-29.536
,,-29.587
,,-29.631
,,-29.651
,,-29.685
,,-29.686
,,-29.686
,,-29.722
,,-29.759
,,-29.804
,,-29.851
,,-29.884
,,-29.912
,,-29.945
,,-30.009
,,-30.01
,,-30.047
,,-30.092
,,-30.089
,,-30.09
,,-30.055
,,-30.015
,,-29.973
,,-29.946
,,-29.888
,,-29.822
,,-29.775
,,-29.721
,,-29.662
,,-29.6
,,-29.542
,,-29.495
,,-29.421
,,-29.339
,,-29.273
,,-29.23
,,-29.172
,,-29.098
,,-29.039
,,-29.02
,,-28.997
,,-28.998
,,-28.983
,,-28.976
,,-29.012
,,-29.048
,,-29.073
,,-29.133
,,-29.181
,,-29.233
,,-29.253
,,-29.286
,,-29.334
,,-29.319
,,-29.375
,,-29.447
,,-29.504
,,-29.564
,,-29.624
,,-29.676
,,-29.736
,,-29.769
,,-29.785
,,-29.814
,,-29.858
,,-29.883
,,-29.911
,,-29.956
,,-29.984
,,-30.021
,,-30.062
,,-30.055
,,-30.072
,,-30.081
,,-30.138
,,-30.159
,,-30.172
,,-30.246
,,-30.23
,,-30.223
,,-30.168
,,-30.128
,,-30.073
,,-30.054
,,-29.99
,,-29.944
,,-29.897
,,-29.835
,,-29.788
,,-29.73
,,-29.671
,,-29.624
,,-29.543
,,-29.472
,,-29.414
,,-29.34
,,-29.261
,,-29.242
,,-29.192
,,-29.165
,,-29.114
,,-29.111
,,-29.116
,,-29.156
,,-29.184
,,-29.217
,,-29.265
,,-29.301
,,-29.337
,,-29.358
,,-29.366
,,-29.41
,,-29.443
,,-29.463
,,-29.413
,,-29.567
,,-29.647
,,-29.723
,,-29.771
,,-29.839
,,-29.879
,,-29.896
,,-29.908
,,-29.941
,,-29.938
,,-29.99
,,-30.055
,,-30.068
,,-30.057
,,-30.122
,,-30.163
,,-30.164
,,-30.225
,,-30.254
,,-30.303
,,-30.324
,,-30.381
,,-30.366
,,-30.347
,,-30.324
,,-30.28
,,-30.245
,,-30.185
,,-30.126
,,-30.078
,,-30.011
,,-29.976
,,-29.925
,,-29.867
,,-29.816
,,-29.75
,,-29.695
,,-29.633
,,-29.566
,,-29.484
,,-29.422
,,-29.348
,,-29.297
,,-29.259
,,-29.228
,,-29.213
,,-29.225
,,-29.254
,,-29.231
,,-29.239
,,-29.291
,,-29.308
,,-29.34
,,-29.38
,,-29.421
,,-29.441
,,-29.45
,,-29.51
,,-29.53
,,-29.582
,,-29.591
,,-29.647
,,-29.77
,,-29.834
,,-29.851
,,-29.871
,,-29.907
,,-29.881
,,-29.89
,,-29.938
,,-29.974
,,-29.999
,,-30.076
,,-30.077
,,-30.009
,,-30.038
,,-30.132
,,-30.181
,,-30.226
,,-30.275
,,-30.34
,,-30.333
,,-30.326
,,-30.299
,,-30.271
,,-30.252
,,-30.209
,,-30.181
,,-30.102
,,-30.082
,,-30.023
,,-29.968
,,-29.91
,,-29.827
,,-29.777
,,-29.738
,,-29.64
,,-29.589
,,-29.531
,,-29.453
,,-29.394
,,-29.331
,,-29.277
,,-29.238
,,-29.219
,,-29.196
,,-29.193
,,-29.174
,,-29.186
,,-29.234
,,-29.274
,,-29.303
,,-29.296
,,-29.359
,,-29.415
,,-29.448
,,-29.48
,,-29.477
,,-29.489
,,-29.577
,,-29.688
,,-29.744
,,-29.788
,,-29.832
,,-29.852
,,-29.849
,,-29.893
,,-29.934
,,-30.001
,,-29.978
,,-30.043
,,-30.06
,,-30.097
,,-30.106
,,-30.155
,,-30.188
,,-30.108
,,-30.085
,,-30.194
,,-30.255
,,-30.296
,,-30.316
,,-30.385
,,-30.34
,,-30.31
,,-30.277
,,-30.243
,,-30.184
,,-30.16
,,-30.119
,,-30.065
,,-30.011
,,-29.949
,,-29.896
,,-29.843
,,-29.794
,,-29.728
,,-29.653
,,-29.585
,,-29.52
,,-29.452
,,-29.381
,,-29.331
,,-29.27
,,-29.202
,,-29.169
,,-29.149
,,-29.158
,,-29.214
,,-29.256
,,-29.272
,,-29.314
,,-29.315
,,-29.333
,,-29.391
,,-29.392
,,-29.428
,,-29.495
,,-29.516
,,-29.548
,,-29.543
,,-29.601
,,-29.669
,,-29.768
,,-29.81
,,-29.872
,,-29.9
,,-29.915
,,-29.902
,,-29.928
,,-29.97
,,-30.059
,,-30.109
,,-30.114
,,-30.117
,,-30.17
,,-30.14
,,-30.177
,,-30.29
,,-30.303
,,-30.362
,,-30.417
,,-30.41
,,-30.374
,,-30.354
,,-30.315
,,-30.257
,,-30.214
,,-30.174
,,-30.13
,,-30.098
,,-30.027
,,-29.971
,,-29.895
,,-29.848
,,-29.789
,,-29.713
,,-29.646
,,-29.581
,,-29.52
,,-29.474
,,-29.399
,,-29.33
,,-29.277
,,-29.24
,,-29.249
,,-29.239
,,-29.245
,,-29.21
,,-29.272
,,-29.321
,,-29.32
,,-29.371
,,-29.409
,,-29.443
,,-29.4
,,-29.44
,,-29.501
,,-29.545
,,-29.601
,,-29.667
,,-29.72
,,-29.723
,,-29.806
,,-29.864
,,-29.894
,,-29.885
,,-29.944
,,-29.98
,,-30.011
,,-30.069
,,-30.036
,,-30.096
,,-30.125
,,-30.164
,,-30.23
,,-30.239
,,-30.273
,,-30.304
,,-30.348
,,-30.421
,,-30.428
,,-30.426
,,-30.422
,,-30.397
,,-30.333
,,-30.285
,,-30.251
,,-30.191
,,-30.157
,,-30.13
,,-30.07
,,-29.976
,,-29.927
,,-29.882
,,-29.821
,,-29.77
,,-29.678
,,-29.621
,,-29.548
,,-29.478
,,-29.423
,,-29.346
,,-29.325
,,-29.27
,,-29.26
,,-29.272
,,-29.261
,,-29.257
,,-29.292
,,-29.336
,,-29.373
,,-29.416
,,-29.397
,,-29.425
,,-29.464
,,-29.516
,,-29.575
,,-29.582
,,-29.635
,,-29.665
,,-29.717
,,-29.78
,,-29.847
,,-29.894
,,-29.936
,,-29.963
,,-29.998
,,-29.994
,,-30.006
,,-30.038
,,-30.075
,,-30.108
,,-30.156
,,-30.202
,,-30.198
,,-30.26
,,-30.323
,,-30.343
,,-30.36
,,-30.345
,,-30.396
,,-30.407
,,-30.404
,,-30.375
,,-30.32
,,-30.264
,,-30.222
,,-30.176
,,-30.124
,,-30.073
,,-30.015
,,-29.937
,,-29.9
,,-29.848
,,-29.777
,,-29.703
,,-29.632
,,-29.561
,,-29.497
,,-29.442
,,-29.378
,,-29.32
,,-29.294
,,-29.277
,,-29.252
,,-29.219
,,-29.25
,,-29.262
,,-29.299
,,-29.358
,,-29.404
,,-29.439
,,-29.47
,,-29.509
,,-29.536
,,-29.582
,,-29.619
,,-29.649
,,-29.708
,,-29.737
,,-29.804
,,-29.855
,,-29.879
,,-29.909
,,-29.939
,,-29.935
,,-29.995
,,-30.019
,,-30.051
,,-30.086
,,-30.132
,,-30.138
,,-30.198
,,-30.204
,,-30.222
,,-30.259
,,-30.293
,,-30.318
,,-30.345
,,-30.422
,,-30.429
,,-30.39
,,-30.365
,,-30.332
,,-30.323
,,-30.245
,,-30.186
,,-30.139
,,-30.1
,,-30.068
,,-30.022
,,-29.974
,,-29.922
,,-29.864
,,-29.791
,,-29.713
,,-29.643
,,-29.584
,,-29.498
,,-29.441
,,-29.371
,,-29.32
,,-29.29
,,-29.247
,,-29.259
,,-29.234
,,-29.26
,,-29.26
,,-29.331
,,-29.359
,,-29.397
,,-29.413
,,-29.42
,,-29.455
,,-29.503
,,-29.435
,,-29.48
,,-29.546
,,-29.631
,,-29.721
,,-29.769
,,-29.806
,,-29.843
,,-29.883
,,-29.893
,,-29.929
,,-29.939
,,-29.948
,,-30.004
,,-30.018
,,-30.023
,,-30.076
,,-30.154
,,-30.167
,,-30.188
,,-30.227
,,-30.243
,,-30.16
,,-30.237
,,-30.299
,,-30.324
,,-30.37
,,-30.383
,,-30.4
,,-30.385
,,-30.382
,,-30.359
,,-30.256
,,-30.209
,,-30.19
,,-30.131
,,-30.091
,,-30.024
,,-29.986
,,-29.943
,,-29.877
,,-29.807
,,-29.726
,,-29.664
,,-29.582
,,-29.516
,,-29.458
,,-29.396
,,-29.362
,,-29.312
,,-29.293
,,-29.274
,,-29.256
,,-29.233
,,-29.254
,,-29.314
,,-29.307
,,-29.32
,,-29.365
,,-29.414
,,-29.482
,,-29.522
,,-29.551
,,-29.481
,,-29.554
,,-29.642
,,-29.702
,,-29.715
,,-29.775
,,-29.808
,,-29.853
,,-29.894
,,-29.93
,,-29.951
,,-29.929
,,-30.001
,,-30.007
,,-30.028
,,-30.066
,,-30.115
,,-30.141
,,-30.226
,,-30.24
,,-30.261
,,-30.263
,,-30.292
,,-30.35
,,-30.395
,,-30.421
,,-30.406
,,-30.444
,,-30.417
,,-30.398
,,-30.319
,,-30.261
,,-30.238
,,-30.195
,,-30.128
,,-30.077
,,-30.018
,,-29.976
,,-29.907
,,-29.849
,,-29.791
,,-29.737
,,-29.656
,,-29.598
,,-29.517
,,-29.483
,,-29.406
,,-29.34
,,-29.306
,,-29.272
,,-29.238
,,-29.22
,,-29.222
,,-29.215
,,-29.252
,,-29.242
,,-29.299
,,-29.356
,,-29.401
,,-29.43
,,-29.455
,,-29.421
,,-29.388
,,-29.464
,,-29.584
,,-29.673
,,-29.742
,,-29.775
,,-29.816
,,-29.83
,,-29.863
,,-29.881
,,-29.891
,,-29.92
,,-29.953
,,-30.011
,,-30.024
,,-30.042
,,-30.092
,,-30.086
,,-30.161
,,-30.135
,,-30.173
,,-30.178
,,-30.192
,,-30.243
,,-30.301
,,-30.355
,,-30.389
,,-30.374
,,-30.348
,,-30.338
,,-30.3
,,-30.262
,,-30.191
,,-30.181
,,-30.119
,,-30.092
,,-29.998
,,-29.949
,,-29.88
,,-29.842
,,-29.769
,,-29.708
,,-29.612
,,-29.546
,,-29.505
,,-29.412
,,-29.339
,,-29.294
,,-29.249
,,-29.219
,,-29.221
,,-29.211
,,-29.241
,,-29.227
,,-29.265
,,-29.286
,,-29.324
,,-29.381
,,-29.446
,,-29.452
,,-29.522
,,-29.567
,,-29.612
,,-29.634
,,-29.672
,,-29.698
,,-29.755
,,-29.785
,,-29.819
,,-29.864
,,-29.883
,,-29.924
,,-29.942
,,-29.956
,,-29.986
,,-30.004
,,-30.039
,,-30.061
,,-30.111
,,-30.126
,,-30.164
,,-30.199
,,-30.273
,,-30.3
,,-30.302
,,-30.316
,,-30.359
,,-30.413
,,-30.383
,,-30.394
,,-30.384
,,-30.314
,,-30.276
,,-30.234
,,-30.204
,,-30.126
,,-30.084
,,-30.023
,,-29.961
,,-29.881
,,-29.836
,,-29.755
,,-29.691
,,-29.646
,,-29.601
,,-29.528
,,-29.44
,,-29.383
,,-29.338
,,-29.289
,,-29.276
,,-29.247
,,-29.237
,,-29.232
,,-29.238
,,-29.264
,,-29.326
,,-29.305
,,-29.295
,,-29.345
,,-29.355
,,-29.429
,,-29.459
,,-29.524
,,-29.562
,,-29.62
,,-29.662
,,-29.696
,,-29.762
,,-29.824
,,-29.866
,,-29.907
,,-29.918
,,-29.901
,,-29.939
,,-29.949
,,-29.999
,,-30.026
,,-30.029
,,-29.995
,,-30.038
,,-30.109
,,-30.147
,,-30.186
,,-30.227
,,-30.264
,,-30.275
,,-30.265
,,-30.33
,,-30.381
,,-30.389
,,-30.412
,,-30.37
,,-30.345
,,-30.301
,,-30.276
,,-30.192
,,-30.171
,,-30.093
,,-30.079
,,-30.01
,,-29.939
,,-29.879
,,-29.852
,,-29.783
,,-29.725
,,-29.647
,,-29.57
,,-29.512
,,-29.453
,,-29.353
,,-29.313
,,-29.296
,,-29.291
,,-29.291
,,-29.27
,,-29.253
,,-29.264
,,-29.237
,,-29.267
,,-29.323
,,-29.361
,,-29.419
,,-29.45
,,-29.48
,,-29.516
,,-29.596
,,-29.624
,,-29.647
,,-29.703
,,-29.769
,,-29.841
,,-29.85
,,-29.878
,,-29.907
,,-29.957
,,-29.971
,,-29.99
,,-30.005
,,-30.042
,,-30.079
,,-30.092
,,-30.113
,,-30.131
,,-30.144
,,-30.153
,,-30.166
,,-30.219
,,-30.218
,,-30.257
,,-30.31
,,-30.337
,,-30.34
,,-30.317
,,-30.296
,,-30.286
,,-30.249
,,-30.198
,,-30.17
,,-30.125
,,-30.078
,,-30.033
,,-29.976
,,-29.913
,,-29.855
,,-29.803
,,-29.719
,,-29.671
,,-29.599
,,-29.521
,,-29.457
,,-29.385
,,-29.321
,,-29.292
,,-29.246
,,-29.262
,,-29.234
,,-29.262
,,-29.303
,,-29.329
,,-29.35
,,-29.38
,,-29.372
,,-29.414
,,-29.425
,,-29.465
,,-29.516
,,-29.544
,,-29.573
,,-29.639
,,-29.689
,,-29.679
,,-29.768
,,-29.801
,,-29.838
,,-29.862
,,-29.899
,,-29.89
,,-29.928
,,-29.963
,,-29.992
,,-30.033
,,-30.036
,,-30.083
,,-30.102
,,-30.121
,,-30.126
,,-30.169
,,-30.211
,,-30.222
,,-30.23
,,-30.304
,,-30.315
,,-30.358
,,-30.343
,,-30.318
,,-30.301
,,-30.265
,,-30.218
,,-30.189
,,-30.15
,,-30.107
,,-30.033
,,-29.992
,,-29.938
,,-29.878
,,-29.838
,,-29.793
,,-29.727
,,-29.645
,,-29.583
,,-29.517
,,-29.443
,,-29.362
,,-29.3
,,-29.279
,,-29.262
,,-29.234
,,-29.213
,,-29.21
,,-29.225
,,-29.256
,,-29.306
,,-29.31
,,-29.36
,,-29.353
,,-29.333
,,-29.405
,,-29.426
,,-29.492
,,-29.467
,,-29.553
,,-29.637
,,-29.725
,,-29.776
,,-29.816
,,-29.833
,,-29.829
,,-29.871
,,-29.864
,,-29.899
,,-29.94
,,-29.948
,,-30.011
,,-30.05
,,-30.057
,,-30.093
,,-30.084
,,-30.145
,,-30.164
,,-30.207
,,-30.187
,,-30.244
,,-30.257
,,-30.278
,,-30.332
,,-30.335
,,-30.358
,,-30.367
,,-30.328
,,-30.289
,,-30.262
,,-30.209
,,-30.148
,,-30.083
,,-29.997
,,-29.931
,,-29.913
,,-29.831
,,-29.795
,,-29.705
,,-29.655
,,-29.591
,,-29.531
,,-29.477
,,-29.405
,,-29.345
,,-29.273
,,-29.235
,,-29.222
,,-29.223
,,-29.215
,,-29.198
,,-29.256
,,-29.275
,,-29.271
,,-29.292
,,-29.354
,,-29.41
,,-29.41
,,-29.429
,,-29.388
,,-29.358
,,-29.417
,,-29.507
,,-29.575
,,-29.635
,,-29.694
,,-29.772
,,-29.832
,,-29.849
,,-29.884
,,-29.875
,,-29.926
,,-29.953
,,-29.915
,,-30.007
,,-30.036
,,-30.045
,,-30.083
,,-30.062
,,-30.129
,,-30.153
,,-30.184
,,-30.223
,,-30.281
,,-30.298
,,-30.302
,,-30.248
,,-30.301
,,-30.344
,,-30.328
,,-30.294
,,-30.222
,,-30.197
,,-30.145
,,-30.115
,,-30.041
,,-30.004
,,-29.924
,,-29.852
,,-29.796
,,-29.755
,,-29.684
,,-29.61
,,-29.55
,,-29.469
,,-29.421
,,-29.349
,,-29.299
,,-29.236
,,-29.211
,,-29.186
,,-29.167
,,-29.179
,,-29.192
,,-29.198
,,-29.242
,,-29.249
,,-29.26
,,-29.27
,,-29.259
,,-29.387
,,-29.453
,,-29.504
,,-29.53
,,-29.592
,,-29.619
,,-29.649
,,-29.722
,,-29.755
,,-29.756
,,-29.805
,,-29.814
,,-29.863
,,-29.901
,,-29.955
,,-29.967
,,-29.949
,,-29.977
,,-29.991
,,-30.032
,,-30.052
,,-30.092
,,-30.1
,,-30.111
,,-30.119
,,-30.161
,,-30.229
,,-30.261
,,-30.293
,,-30.328
,,-30.337
,,-30.373
,,-30.317
,,-30.28
,,-30.235
,,-30.193
,,-30.122
,,-30.07
,,-29.979
,,-29.93
,,-29.917
,,-29.874
,,-29.828
,,-29.751
,,-29.668
,,-29.618
,,-29.535
,,-29.492
,,-29.429
,,-29.352
,,-29.29
,,-29.254
,,-29.23
,,-29.234
,,-29.207
,,-29.188
,,-29.223
,,-29.24
,,-29.291
,,-29.308
,,-29.325
,,-29.368
,,-29.404
,,-29.413
,,-29.39
,,-29.383
,,-29.478
,,-29.563
,,-29.581
,,-29.624
,,-29.691
,,-29.724
,,-29.8
,,-29.828
,,-29.861
,,-29.846
,,-29.877
,,-29.932
,,-29.979
,,-29.989
,,-30.003
,,-30.058
,,-30.064
,,-30.087
,,-30.107
,,-30.107
,,-30.144
,,-30.209
,,-30.236
,,-30.257
,,-30.305
,,-30.288
,,-30.308
,,-30.305
,,-30.314
,,-30.303
,,-30.27
,,-30.219
,,-30.165
,,-30.112
,,-30.073
,,-30.015
,,-29.987
,,-29.933
,,-29.88
,,-29.82
,,-29.746
,,-29.686
,,-29.61
,,-29.547
,,-29.471
,,-29.398
,,-29.341
,,-29.286
,,-29.237
,,-29.212
,,-29.177
,,-29.164
,,-29.224
,,-29.246
,,-29.281
,,-29.291
,,-29.286
,,-29.249
,,-29.264
,,-29.365
,,-29.429
,,-29.479
,,-29.531
,,-29.54
,,-29.557
,,-29.631
,,-29.673
,,-29.743
,,-29.77
,,-29.802
,,-29.853
,,-29.875
,,-29.901
,,-29.92
,,-29.906
,,-29.887
,,-29.95
,,-30.009
,,-30.067
,,-30.062
,,-30.038
,,-30.119
,,-30.152
,,-30.185
,,-30.258
,,-30.271
,,-30.322
,,-30.363
,,-30.381
,,-30.392
,,-30.381
,,-30.329
,,-30.315
,,-30.267
,,-30.197
,,-30.138
,,-30.104
,,-30.018
,,-29.967
,,-29.923
,,-29.868
,,-29.807
,,-29.745
,,-29.683
,,-29.597
,,-29.546
,,-29.479
,,-29.406
,,-29.343
,,-29.276
,,-29.236
,,-29.212
,,-29.227
,,-29.174
,,-29.193
,,-29.223
,,-29.261
,,-29.277
,,-29.322
,,-29.326
,,-29.353
,,-29.416
,,-29.386
,,-29.431
,,-29.51
,,-29.562
,,-29.605
,,-29.64
,,-29.714
,,-29.775
,,-29.84
,,-29.859
,,-29.875
,,-29.879
,,-29.927
,,-29.958
,,-29.991
,,-30.021
,,-30.059
,,-30.074
,,-30.087
,,-30.019
,,-30.089
,,-30.185
,,-30.218
,,-30.217
,,-30.248
,,-30.297
,,-30.315
,,-30.345
,,-30.306
,,-30.273
,,-30.243
,,-30.216
,,-30.193
,,-30.154
,,-30.079
,,-30.065
,,-30.017
,,-29.932
,,-29.884
,,-29.843
,,-29.767
,,-29.686
,,-29.622
,,-29.557
,,-29.488
,,-29.414
,,-29.341
,,-29.31
,,-29.277
,,-29.271
,,-29.241
,,-29.257
,,-29.28
,,-29.289
,,-29.291
,,-29.363
,,-29.385
,,-29.434
,,-29.463
,,-29.453
,,-29.459
,,-29.468
,,-29.493
,,-29.459
,,-29.536
,,-29.51
,,-29.669
,,-29.742
,,-29.822
,,-29.859
,,-29.881
,,-29.906
,,-29.939
,,-29.96
,,-29.985
,,-30.039
,,-30.097
,,-30.11
,,-30.164
,,-30.185
,,-30.219
,,-30.253
,,-30.258
,,-30.259
,,-30.281
,,-30.343
,,-30.372
,,-30.346
,,-30.327
,,-30.32
,,-30.306
,,-30.247
,,-30.216
,,-30.177
,,-30.115
,,-30.08
,,-30.013
,,-29.959
,,-29.909
,,-29.855
,,-29.813
,,-29.715
,,-29.658
,,-29.592
,,-29.514
,,-29.449
,,-29.383
,,-29.333
,,-29.283
,,-29.273
,,-29.246
,,-29.252
,,-29.253
,,-29.282
,,-29.338
,,-29.336
,,-29.365
,,-29.386
,,-29.438
,,-29.495
,,-29.516
,,-29.47
,,-29.503
,,-29.595
,,-29.675
,,-29.72
,,-29.78
,,-29.813
,,-29.881
,,-29.926
,,-29.919
,,-29.968
,,-29.977
,,-29.994
,,-30.032
,,-30.041
,,-29.99
,,-30.063
,,-30.125
,,-30.15
,,-30.195
,,-30.216
,,-30.234
,,-30.299
,,-30.304
,,-30.265
,,-30.319
,,-30.36
,,-30.381
,,-30.39
,,-30.363
,,-30.344
,,-30.321
,,-30.273
,,-30.206
,,-30.159
,,-30.108
,,-30.056
,,-30.013
,,-29.951
,,-29.88
,,-29.866
,,-29.776
,,-29.71
,,-29.64
,,-29.565
,,-29.515
,,-29.449
,,-29.387
,,-29.317
,,-29.294
,,-29.271
,,-29.256
,,-29.273
,,-29.302
,,-29.298
,,-29.319
,,-29.359
,,-29.348
,,-29.361
,,-29.449
,,-29.481
,,-29.541
,,-29.546
,,-29.618
,,-29.654
,,-29.726
,,-29.751
,,-29.807
,,-29.832
,,-29.856
,,-29.885
,,-29.929
,,-29.93
,,-30.002
,,-30.003
,,-30.047
,,-30.097
,,-30.114
,,-30.135
,,-30.151
,,-30.224
,,-30.277
,,-30.286
,,-30.291
,,-30.32
,,-30.328
,,-30.361
,,-30.414
,,-30.427
,,-30.403
,,-30.372
,,-30.304
,,-30.28
,,-30.237
,,-30.201
,,-30.141
,,-30.102
,,-30.05
,,-29.994
,,-29.935
,,-29.853
,,-29.806
,,-29.731
,,-29.657
,,-29.594
,,-29.543
,,-29.453
,,-29.382
,,-29.355
,,-29.312
,,-29.304
,,-29.308
,,-29.293
,,-29.305
,,-29.325
,,-29.345
,,-29.349
,,-29.329
,,-29.4
,,-29.464
,,-29.448
,,-29.476
,,-29.547
,,-29.61
,,-29.662
,,-29.741
,,-29.776
,,-29.836
,,-29.82
,,-29.871
,,-29.895
,,-29.915
,,-29.923
,,-29.974
,,-30.014
,,-30.075
,,-30.091
,,-30.083
,,-30.103
,,-30.127
,,-30.171
,,-30.203
,,-30.216
,,-30.296
,,-30.348
,,-30.392
,,-30.412
,,-30.392
,,-30.436
,,-30.384
,,-30.356
,,-30.292
,,-30.304
,,-30.259
,,-30.195
,,-30.14
,,-30.082
,,-30.046
,,-29.986
,,-29.935
,,-29.887
,,-29.804
,,-29.749
,,-29.682
,,-29.611
,,-29.536
,,-29.476
,,-29.417
,,-29.374
,,-29.314
,,-29.279
,,-29.274
,,-29.29
,,-29.294
,,-29.294
,,-29.309
,,-29.321
,,-29.38
,,-29.4
,,-29.443
,,-29.462
,,-29.474
,,-29.462
,,-29.454
,,-29.527
,,-29.534
,,-29.599
,,-29.711
,,-29.767
,,-29.772
,,-29.834
,,-29.884
,,-29.949
,,-29.975
,,-30.005
,,-30.005
,,-30.037
,,-30.074
,,-30.107
,,-30.099
,,-30.136
,,-30.147
,,-30.196
,,-30.231
,,-30.28
,,-30.31
,,-30.333
,,-30.369
,,-30.407
,,-30.412
,,-30.379
,,-30.347
,,-30.345
,,-30.324
,,-30.281
,,-30.227
,,-30.198
,,-30.125
,,-30.074
,,-29.998
,,-29.932
,,-29.875
,,-29.836
,,-29.79
,,-29.73
,,-29.654
,,-29.577
,,-29.512
,,-29.453
,,-29.377
,,-29.335
,,-29.319
,,-29.308
,,-29.272
,,-29.272
,,-29.276
,,-29.258
,,-29.281
,,-29.321
,,-29.379
,,-29.397
,,-29.429
,,-29.383
,,-29.459
,,-29.547
,,-29.591
,,-29.653
,,-29.71
,,-29.702
,,-29.734
,,-29.792
,,-29.851
,,-29.845
,,-29.864
,,-29.892
,,-29.869
,,-29.867
,,-29.858
,,-29.914
,,-29.982
,,-30.062
,,-30.116
,,-30.159
,,-30.2
,,-30.229
,,-30.229
,,-30.252
,,-30.274
,,-30.303
,,-30.341
,,-30.38
,,-30.384
,,-30.383
,,-30.369
,,-30.363
,,-30.32
,,-30.269
,,-30.203
,,-30.149
,,-30.127
,,-30.092
,,-30.035
,,-29.974
,,-29.915
,,-29.852
,,-29.796
,,-29.722
,,-29.642
,,-29.571
,,-29.496
,,-29.442
,,-29.356
,,-29.319
,,-29.291
,,-29.231
,,-29.213
,,-29.218
,,-29.205
,,-29.242
,,-29.268
,,-29.3
,,-29.297
,,-29.332
,,-29.369
,,-29.375
,,-29.404
,,-29.429
,,-29.436
,,-29.422
,,-29.399
,,-29.552
,,-29.637
,,-29.7
,,-29.759
,,-29.752
,,-29.797
,,-29.793
,,-29.882
,,-29.918
,,-29.941
,,-29.973
,,-30.008
,,-30.04
,,-30.089
,,-30.131
,,-30.159
,,-30.175
,,-30.174
,,-30.191
,,-30.241
,,-30.274
,,-30.272
,,-30.361
,,-30.367
,,-30.376
,,-30.406
,,-30.4
,,-30.37
,,-30.343
,,-30.297
,,-30.255
,,-30.199
,,-30.154
,,-30.092
,,-30.039
,,-29.98
,,-29.929
,,-29.877
,,-29.825
,,-29.748
,,-29.673
,,-29.601
,,-29.544
,,-29.476
,,-29.406
,,-29.34
,,-29.294
,,-29.255
,,-29.234
,,-29.214
,,-29.218
,,-29.221
,,-29.231
,,-29.293
,,-29.327
,,-29.365
,,-29.416
,,-29.439
,,-29.465
,,-29.458
,,-29.527
,,-29.583
,,-29.643
,,-29.68
,,-29.734
,,-29.778
,,-29.81
,,-29.837
,,-29.849
,,-29.853
,,-29.882
,,-29.949
,,-29.98
,,-29.985
,,-30.02
,,-30.062
,,-30.096
,,-30.101
,,-30.143
,,-30.162
,,-30.189
,,-30.251
,,-30.283
,,-30.325
,,-30.352
,,-30.385
,,-30.39
,,-30.384
,,-30.372
,,-30.327
,,-30.295
,,-30.266
,,-30.223
,,-30.182
,,-30.114
,,-30.056
,,-30.023
,,-29.967
,,-29.91
,,-29.846
,,-29.791
,,-29.732
,,-29.668
,,-29.578
,,-29.51
,,-29.467
,,-29.385
,,-29.345
,,-29.314
,,-29.302
,,-29.298
,,-29.279
,,-29.274
,,-29.327
,,-29.277
,,-29.323
,,-29.348
,,-29.384
,,-29.438
,,-29.458
,,-29.466
,,-29.483
,,-29.557
,,-29.523
,,-29.563
,,-29.675
,,-29.731
,,-29.81
,,-29.872
,,-29.858
,,-29.874
,,-29.907
,,-29.923
,,-29.904
,,-29.889
,,-29.953
,,-30.037
,,-30.087
,,-30.114
,,-30.142
,,-30.144
,,-30.197
,,-30.217
,,-30.23
,,-30.264
,,-30.293
,,-30.34
,,-30.397
,,-30.422
,,-30.416
,,-30.4
,,-30.368
,,-30.299
,,-30.252
,,-30.199
,,-30.15
,,-30.117
,,-30.044
,,-29.987
,,-29.939
,,-29.878
,,-29.828
,,-29.753
,,-29.694
,,-29.627
,,-29.556
,,-29.494
,,-29.425
,,-29.353
,,-29.309
,,-29.278
,,-29.254
,,-29.254
,,-29.273
,,-29.243
,,-29.25
,,-29.27
,,-29.301
,,-29.357
,,-29.427
,,-29.451
,,-29.484
,,-29.517
,,-29.469
,,-29.542
,,-29.604
,,-29.641
,,-29.735
,,-29.766
,,-29.84
,,-29.873
,,-29.895
,,-29.905
,,-29.914
,,-29.937
,,-30.017
,,-30.046
,,-30.085
,,-30.107
,,-30.111
,,-30.115
,,-30.144
,,-30.188
,,-30.222
,,-30.271
,,-30.312
,,-30.331
,,-30.386
,,-30.393
,,-30.39
,,-30.371
,,-30.358
,,-30.342
,,-30.324
,,-30.256
,,-30.22
,,-30.148
,,-30.13
,,-30.066
,,-30.009
,,-29.969
,,-29.898
,,-29.852
,,-29.788
,,-29.715
,,-29.643
,,-29.578
,,-29.504
,,-29.446
,,-29.373
,,-29.324
,,-29.283
,,-29.308
,,-29.281
,,-29.296
,,-29.335
,,-29.36
,,-29.365
,,-29.397
,,-29.456
,,-29.473
,,-29.447
,,-29.409
,,-29.486
,,-29.569
,,-29.632
,,-29.64
,,-29.654
,,-29.674
,,-29.763
,,-29.811
,,-29.886
,,-29.93
,,-29.931
,,-29.958
,,-29.999
,,-30.033
,,-30.052
,,-30.044
,,-30.073
,,-30.138
,,-30.148
,,-30.175
,,-30.205
,,-30.24
,,-30.304
,,-30.3
,,-30.342
,,-30.373
,,-30.418
,,-30.418
,,-30.42
,,-30.391
,,-30.358
,,-30.298
,,-30.269
,,-30.222
,,-30.151
,,-30.096
,,-30.065
,,-29.976
,,-29.943
,,-29.875
,,-29.817
,,-29.753
,,-29.697
,,-29.627
,,-29.549
,,-29.479
,,-29.417
,,-29.339
,,-29.306
,,-29.301
,,-29.282
,,-29.285
,,-29.236
,,-29.243
,,-29.273
,,-29.289
,,-29.352
,,-29.363
,,-29.423
,,-29.477
,,-29.495
,,-29.502
,,-29.557
,,-29.613
,,-29.646
,,-29.686
,,-29.73
,,-29.785
,,-29.819
,,-29.843
,,-29.842
,,-29.884
,,-29.931
,,-29.952
,,-29.981
,,-29.999
,,-30.011
,,-30.076
,,-30.123
,,-30.145
,,-30.153
,,-30.188
,,-30.251
,,-30.265
,,-30.319
,,-30.322
,,-30.311
,,-30.363
,,-30.394
,,-30.422
,,-30.374
,,-30.366
,,-30.335
,,-30.285
,,-30.224
,,-30.178
,,-30.129
,,-30.07
,,-30.033
,,-29.977
,,-29.91
,,-29.865
,,-29.791
,,-29.713
,,-29.649
,,-29.587
,,-29.52
,,-29.465
,,-29.392
,,-29.333
,,-29.289
,,-29.269
,,-29.254
,,-29.23
,,-29.195
,,-29.219
,,-29.288
,,-29.336
,,-29.392
,,-29.433
,,-29.464
,,-29.49
,,-29.459
,,-29.492
,,-29.546
,,-29.615
,,-29.657
,,-29.707
,,-29.729
,,-29.766
,,-29.815
,,-29.846
,,-29.867
,,-29.883
,,-29.915
,,-29.965
,,-29.997
,,-29.977
,,-30.006
,,-30.068
,,-30.109
,,-30.157
,,-30.197
,,-30.247
,,-30.291
,,-30.288
,,-30.34
,,-30.386
,,-30.384
,,-30.409
,,-30.417
,,-30.397
,,-30.377
,,-30.321
,,-30.31
,,-30.257
,,-30.217
,,-30.156
,,-30.105
,,-30.057
,,-30.001
,,-29.945
,,-29.882
,,-29.839
,,-29.756
,,-29.693
,,-29.598
,,-29.544
,,-29.476
,,-29.417
,,-29.354
,,-29.303
,,-29.287
,,-29.256
,,-29.238
,,-29.258
,,-29.286
,,-29.313
,,-29.32
,,-29.322
,,-29.392
,,-29.431
,,-29.462
,,-29.463
,,-29.446
,,-29.519
,,-29.578
,,-29.615
,,-29.679
,,-29.74
,,-29.797
,,-29.853
,,-29.9
,,-29.915
,,-29.954
,,-29.991
,,-29.998
,,-30.002
,,-30.024
,,-30.079
,,-30.112
,,-30.109
,,-30.149
,,-30.209
,,-30.248
,,-30.255
,,-30.295
,,-30.334
,,-30.35
,,-30.369
,,-30.41
,,-30.416
,,-30.405
,,-30.406
,,-30.365
,,-30.303
,,-30.265
,,-30.216
,,-30.169
,,-30.109
,,-30.059
,,-30.011
,,-29.96
,,-29.905
,,-29.822
,,-29.77
,,-29.723
,,-29.641
,,-29.56
,,-29.477
,,-29.413
,,-29.357
,,-29.33
,,-29.308
,,-29.283
,,-29.252
,,-29.25
,,-29.289
,,-29.296
,,-29.302
,,-29.337
,,-29.378
,,-29.392
,,-29.412
,,-29.475
,,-29.533
,,-29.551
,,-29.59
,,-29.603
,,-29.636
,,-29.654
,,-29.732
,,-29.753
,,-29.807
,,-29.841
,,-29.857
,,-29.871
,,-29.888
,,-29.948
,,-30.002
,,-30.027
,,-30.062
,,-30.089
,,-30.125
,,-30.16
,,-30.2
,,-30.214
,,-30.21
,,-30.214
,,-30.274
,,-30.282
,,-30.299
,,-30.305
,,-30.351
,,-30.349
,,-30.359
,,-30.334
,,-30.287
,,-30.229
,,-30.194
,,-30.161
,,-30.112
,,-30.068
,,-30.027
,,-29.965
,,-29.915
,,-29.849
,,-29.766
,,-29.69
,,-29.617
,,-29.57
,,-29.498
,,-29.432
,,-29.364
,,-29.317
,,-29.288
,,-29.265
,,-29.246
,,-29.217
,,-29.265
,,-29.28
,,-29.29
,,-29.337
,,-29.394
,,-29.424
,,-29.465
,,-29.493
,,-29.496
,,-29.562
,,-29.603
,,-29.65
,,-29.699
,,-29.78
,,-29.833
,,-29.852
,,-29.871
,,-29.884
,,-29.912
,,-29.912
,,-29.961
,,-29.995
,,-30.047
,,-30.064
,,-30.101
,,-30.132
,,-30.149
,,-30.19
,,-30.209
,,-30.217
,,-30.24
,,-30.282
,,-30.265
,,-30.304
,,-30.334
,,-30.366
,,-30.398
,,-30.369
,,-30.284
,,-30.242
,,-30.234
,,-30.186
,,-30.157
,,-30.098
,,-30.062
,,-30.002
,,-29.92
,,-29.884
,,-29.831
,,-29.781
,,-29.686
,,-29.623
,,-29.545
,,-29.486
,,-29.435
,,-29.356
,,-29.306
,,-29.269
,,-29.28
,,-29.26
,,-29.273
,,-29.272
,,-29.3
,,-29.33
,,-29.334
,,-29.377
,,-29.428
,,-29.434
,,-29.484
,,-29.413
,,-29.429
,,-29.483
,,-29.578
,,-29.642
,,-29.703
,,-29.725
,,-29.797
,,-29.821
,,-29.876
,,-29.906
,,-29.926
,,-29.924
,,-29.976
,,-29.983
,,-30.018
,,-30.083
,,-30.103
,,-30.11
,,-30.144
,,-30.175
,,-30.192
,,-30.234
,,-30.285
,,-30.321
,,-30.378
,,-30.416
,,-30.431
,,-30.444
,,-30.414
,,-30.363
,,-30.313
,,-30.295
,,-30.261
,,-30.212
,,-30.168
,,-30.121
,,-30.069
,,-29.99
,,-29.949
,,-29.882
,,-29.821
,,-29.721
,,-29.659
,,-29.595
,,-29.51
,,-29.457
,,-29.406
,,-29.355
,,-29.303
,,-29.265
,,-29.258
,,-29.244
,,-29.219
,,-29.24
,,-29.263
,,-29.3
,,-29.343
,,-29.362
,,-29.374
,,-29.405
,,-29.455
,,-29.517
,,-29.544
,,-29.598
,,-29.649
,,-29.689
,,-29.711
,,-29.758
,,-29.793
,,-29.849
,,-29.828
,,-29.861
,,-29.903
,,-29.916
,,-29.978
,,-30.011
,,-30.023
,,-30.051
,,-30.087
,,-30.122
,,-30.136
,,-30.179
,,-30.262
,,-30.269
,,-30.284
,,-30.353
,,-30.377
,,-30.369
,,-30.368
,,-30.394
,,-30.416
,,-30.413
,,-30.38
,,-30.332
,,-30.271
,,-30.196
,,-30.173
,,-30.134
,,-30.069
,,-30.003
,,-29.93
,,-29.9
,,-29.837
,,-29.767
,,-29.705
,,-29.626
,,-29.561
,,-29.504
,,-29.423
,,-29.39
,,-29.345
,,-29.282
,,-29.256
,,-29.255
,,-29.256
,,-29.256
,,-29.268
,,-29.309
,,-29.339
,,-29.339
,,-29.387
,,-29.443
,,-29.424
,,-29.378
,,-29.402
,,-29.516
,,-29.591
,,-29.655
,,-29.707
,,-29.764
,,-29.772
,,-29.834
,,-29.892
,,-29.916
,,-29.924
,,-29.969
,,-29.949
,,-30.005
,,-30.032
,,-30.062
,,-30.099
,,-30.075
,,-30.1
,,-30.128
,,-30.191
,,-30.219
,,-30.24
,,-30.303
,,-30.369
,,-30.385
,,-30.43
,,-30.422
,,-30.387
,,-30.351
,,-30.327
,,-30.285
,,-30.257
,,-30.2
,,-30.15
,,-30.093
,,-30.02
,,-29.951
,,-29.909
,,-29.875
,,-29.783
,,-29.714
,,-29.657
,,-29.593
,,-29.535
,,-29.464
,,-29.394
,,-29.353
,,-29.312
,,-29.311
,,-29.262
,,-29.262
,,-29.261
,,-29.293
,,-29.339
,,-29.354
,,-29.353
,,-29.396
,,-29.441
,,-29.48
,,-29.527
,,-29.57
,,-29.621
,,-29.66
,,-29.688
,,-29.76
,,-29.802
,,-29.811
,,-29.803
,,-29.822
,,-29.806
,,-29.871
,,-29.914
,,-29.954
,,-30.005
,,-30.032
,,-30.062
,,-30.1
,,-30.106
,,-30.161
,,-30.187
,,-30.219
,,-30.257
,,-30.277
,,-30.301
,,-30.343
,,-30.404
,,-30.428
,,-30.439
,,-30.429
,,-30.391
,,-30.353
,,-30.313
,,-30.263
,,-30.208
,,-30.159
,,-30.124
,,-30.073
,,-30.024
,,-29.98
,,-29.91
,,-29.836
,,-29.785
,,-29.709
,,-29.642
,,-29.578
,,-29.511
,,-29.421
,,-29.367
,,-29.307
,,-29.273
,,-29.231
,,-29.211
,,-29.214
,,-29.22
,,-29.262
,,-29.294
,,-29.311
,,-29.355
,,-29.402
,,-29.422
,,-29.484
,,-29.49
,,-29.512
,,-29.514
,,-29.584
,,-29.667
,,-29.713
,,-29.756
,,-29.789
,,-29.774
,,-29.845
,,-29.882
,,-29.923
,,-29.952
,,-29.98
,,-30.007
,,-30.022
,,-30.037
,,-30.109
,,-30.147
,,-30.162
,,-30.179
,,-30.203
,,-30.211
,,-30.273
,,-30.312
,,-30.364
,,-30.355
,,-30.369
,,-30.365
,,-30.38
,,-30.387
,,-30.405
,,-30.362
,,-30.305
,,-30.277
,,-30.224
,,-30.181
,,-30.106
,,-30.036
,,-29.985
,,-29.918
,,-29.853
,,-29.811
,,-29.758
,,-29.695
,,-29.639
,,-29.557
,,-29.489
,,-29.414
,,-29.355
,,-29.32
,,-29.279
,,-29.24
,,-29.225
,,-29.246
,,-29.239
,,-29.226
,,-29.28
,,-29.338
,,-29.353
,,-29.378
,,-29.408
,,-29.448
,,-29.5
,,-29.497
,,-29.563
,,-29.606
,,-29.669
,,-29.711
,,-29.72
,,-29.769
,,-29.814
,,-29.875
,,-29.801
,,-29.861
,,-29.861
,,-29.892
,,-29.951
,,-30.014
,,-30.034
,,-30.082
,,-30.09
,,-30.118
,,-30.129
,,-30.169
,,-30.213
,,-30.258
,,-30.29
,,-30.306
,,-30.334
,,-30.35
,,-30.39
,,-30.369
,,-30.333
,,-30.325
,,-30.309
,,-30.256
,,-30.212
,,-30.16
,,-30.111
,,-30.051
,,-30.026
,,-29.966
,,-29.903
,,-29.836
,,-29.785
,,-29.713
,,-29.654
,,-29.571
,,-29.515
,,-29.436
,,-29.365
,,-29.302
,,-29.278
,,-29.246
,,-29.199
,,-29.194
,,-29.214
,,-29.245
,,-29.257
,,-29.296
,,-29.336
,,-29.335
,,-29.398
,,-29.426
,,-29.473
,,-29.512
,,-29.524
,,-29.539
,,-29.571
,,-29.629
,,-29.7
,,-29.795
,,-29.802
,,-29.838
,,-29.826
,,-29.834
,,-29.849
,,-29.889
,,-29.885
,,-29.901
,,-29.975
,,-30.003
,,-30.055
,,-30.083
,,-30.131
,,-30.111
,,-30.171
,,-30.199
,,-30.235
,,-30.215
,,-30.287
,,-30.331
,,-30.327
,,-30.359
,,-30.363
,,-30.347
,,-30.327
,,-30.291
,,-30.23
,,-30.214
,,-30.13
,,-30.105
,,-30.065
,,-30.005
,,-29.961
,,-29.89
,,-29.823
,,-29.736
,,-29.681
,,-29.625
,,-29.543
,,-29.475
,,-29.424
,,-29.357
,,-29.294
,,-29.262
,,-29.258
,,-29.246
,,-29.246
,,-29.246
,,-29.289
,,-29.312
,,-29.32
,,-29.367
,,-29.41
,,-29.383
,,-29.446
,,-29.485
,,-29.524
,,-29.56
,,-29.587
,,-29.635
,,-29.674
,,-29.78
,,-29.835
,,-29.847
,,-29.863
,,-29.906
,,-29.898
,,-29.941
,,-29.965
,,-29.976
,,-30.048
,,-30.06
,,-30.095
,,-30.127
,,-30.167
,,-30.163
,,-30.195
,,-30.219
,,-30.243
,,-30.287
,,-30.315
,,-30.335
,,-30.31
,,-30.35
,,-30.366
,,-30.306
,,-30.289
,,-30.277
,,-30.217
,,-30.164
,,-30.136
,,-30.075
,,-30.043
,,-29.993
,,-29.936
,,-29.87
,,-29.824
,,-29.736
,,-29.673
,,-29.615
,,-29.521
,,-29.462
,,-29.387
,,-29.323
,,-29.272
,,-29.275
,,-29.238
,,-29.232
,,-29.206
,,-29.258
,,-29.282
,,-29.304
,,-29.294
,,-29.324
,,-29.335
,,-29.419
,,-29.464
,,-29.525
,,-29.523
,,-29.591
,,-29.652
,,-29.711
,,-29.676
,,-29.75
,,-29.827
,,-29.854
,,-29.874
,,-29.911
,,-29.946
,,-29.966
,,-30.01
,,-30.013
,,-30.046
,,-30.096
,,-30.121
,,-30.157
,,-30.104
,,-30.13
,,-30.159
,,-30.192
,,-30.276
,,-30.281
,,-30.323
,,-30.343
,,-30.369
,,-30.38
,,-30.38
,,-30.374
,,-30.328
,,-30.293
,,-30.246
,,-30.196
,,-30.152
,,-30.109
,,-30.072
,,-30
,,-29.951
,,-29.897
,,-29.841
,,-29.788
,,-29.717
,,-29.628
,,-29.554
,,-29.475
,,-29.422
,,-29.347
,,-29.306
,,-29.28
,,-29.249
,,-29.216
,,-29.24
,,-29.233
,,-29.242
,,-29.293
,,-29.315
,,-29.351
,,-29.398
,,-29.45
,,-29.486
,,-29.495
,,-29.454
,,-29.48
,,-29.553
,,-29.632
,,-29.641
,,-29.749
,,-29.821
,,-29.867
,,-29.9
,,-29.912
,,-29.909
,,-29.934
,,-29.981
,,-29.987
,,-30.012
,,-30.055
,,-30.09
,,-30.163
,,-30.19
,,-30.224
,,-30.246
,,-30.272
,,-30.28
,,-30.291
,,-30.348
,,-30.381
,,-30.406
,,-30.437
,,-30.398
,,-30.371
,,-30.337
,,-30.286
,,-30.255
,,-30.208
,,-30.128
,,-30.067
,,-30.038
,,-29.979
,,-29.917
,,-29.884
,,-29.823
,,-29.772
,,-29.708
,,-29.627
,,-29.536
,,-29.479
,,-29.418
,,-29.343
,,-29.318
,,-29.3
,,-29.272
,,-29.236
,,-29.224
,,-29.265
,,-29.278
,,-29.284
,,-29.344
,,-29.386
,,-29.428
,,-29.438
,,-29.469
,,-29.526
,,-29.468
,,-29.521
,,-29.587
,,-29.583
,,-29.686
,,-29.74
,,-29.786
,,-29.829
,,-29.78
,,-29.843
,,-29.892
,,-29.949
,,-29.978
,,-30.021
,,-30.042
,,-30.022
,,-30.074
,,-30.113
,,-30.152
,,-30.156
,,-30.204
,,-30.237
,,-30.245
,,-30.282
,,-30.296
,,-30.334
,,-30.335
,,-30.37
,,-30.353
,,-30.344
,,-30.297
,,-30.227
,,-30.203
,,-30.152
,,-30.089
,,-30.032
,,-29.994
,,-29.94
,,-29.902
,,-29.847
,,-29.805
,,-29.731
,,-29.669
,,-29.585
,,-29.52
,,-29.449
,,-29.373
,,-29.314
,,-29.296
,,-29.254
,,-29.25
,,-29.226
,,-29.215
,,-29.247
,,-29.249
,,-29.271
,,-29.302
,,-29.305
,,-29.325
,,-29.372
,,-29.426
,,-29.464
,,-29.454
,,-29.516
,,-29.54
,,-29.63
,,-29.68
,,-29.734
,,-29.714
,,-29.778
,,-29.811
,,-29.829
,,-29.797
,,-29.878
,,-29.908
,,-29.934
,,-29.981
,,-30.051
,,-30.091
,,-30.104
,,-30.109
,,-30.16
,,-30.196
,,-30.237
,,-30.255
,,-30.292
,,-30.31
,,-30.346
,,-30.326
,,-30.327
,,-30.331
,,-30.28
,,-30.221
,,-30.21
,,-30.177
,,-30.126
,,-30.082
,,-30.042
,,-29.983
,,-29.913
,,-29.863
,,-29.816
,,-29.719
,,-29.661
,,-29.587
,,-29.539
,,-29.463
,,-29.399
,,-29.33
,,-29.304
,,-29.297
,,-29.272
,,-29.278
,,-29.272
,,-29.292
,,-29.304
,,-29.337
,,-29.353
,,-29.382
,,-29.399
,,-29.422
,,-29.427
,,-29.501
,,-29.519
,,-29.571
,,-29.629
,,-29.688
,,-29.747
,,-29.8
,,-29.851
,,-29.861
,,-29.867
,,-29.921
,,-29.953
,,-29.944
,,-29.931
,,-30.004
,,-30.061
,,-30.083
,,-30.11
,,-30.117
,,-30.138
,,-30.182
,,-30.201
,,-30.24
,,-30.297
,,-30.363
,,-30.401
,,-30.424
,,-30.426
,,-30.406
,,-30.394
,,-30.341
,,-30.294
,,-30.258
,,-30.208
,,-30.154
,,-30.103
,,-30.045
,,-29.993
,,-29.944
,,-29.894
,,-29.836
,,-29.781
,,-29.692
,,-29.63
,,-29.549
,,-29.475
,,-29.434
,,-29.356
,,-29.3
,,-29.272
,,-29.254
,,-29.228
,,-29.224
,,-29.258
,,-29.296
,,-29.293
,,-29.299
,,-29.323
,,-29.351
,,-29.414
,,-29.489
,,-29.525
,,-29.525
,,-29.563
,,-29.592
,,-29.642
,,-29.718
,,-29.751
,,-29.773
,,-29.828
,,-29.838
,,-29.857
,,-29.89
,,-29.944
,,-29.971
,,-29.977
,,-30.01
,,-30.001
,,-30.077
,,-30.145
,,-30.201
,,-30.187
,,-30.2
,,-30.238
,,-30.233
,,-30.216
,,-30.202
,,-30.288
,,-30.38
,,-30.417
,,-30.416
,,-30.386
,,-30.326
,,-30.301
,,-30.272
,,-30.208
,,-30.169
,,-30.143
,,-30.084
,,-30.032
,,-29.964
,,-29.87
,,-29.809
,,-29.761
,,-29.683
,,-29.624
,,-29.555
,,-29.503
,,-29.435
,,-29.369
,,-29.321
,,-29.261
,,-29.204
,,-29.142
,,-29.097
,,-29.047
,,-29.011
,,-28.967
,,-28.919
,,-28.92
,,-28.905
,,-28.91
,,-28.888
,,-28.902
,,-28.928
,,-28.964
,,-29.029
,,-29.06
,,-29.072
,,-29.14
,,-29.152
,,-29.206
,,-29.247
,,-29.312
,,-29.404
,,-29.425
,,-29.455
,,-29.474
,,-29.5
,,-29.521
,,-29.555
,,-29.6
,,-29.639
,,-29.657
,,-29.672
,,-29.704
,,-29.762
,,-29.793
,,-29.83
,,-29.826
,,-29.802
,,-29.862
,,-29.907
,,-29.957
,,-29.977
,,-30.002
,,-30.05
,,-30.063
,,-30.054
,,-30.015
,,-30.1
,,-30.106
,,-30.205
,,-30.218
,,-30.255
,,-30.252
,,-30.305
,,-30.341
,,-30.382
,,-30.389
,,-30.33
,,-30.308
,,-30.267
,,-30.218
,,-30.143
,,-30.129
,,-30.08
,,-30.052
,,-29.991
,,-29.911
,,-29.849
,,-29.807
,,-29.749
,,-29.69
,,-29.612
,,-29.532
,,-29.48
,,-29.407
,,-29.348
,,-29.299
,,-29.285
,,-29.275
,,-29.229
,,-29.229
,,-29.259
,,-29.272
,,-29.308
,,-29.341
,,-29.366
,,-29.366
,,-29.431
,,-29.502
,,-29.51
,,-29.527
,,-29.547
,,-29.481
,,-29.583
,,-29.675
,,-29.75
,,-29.797
,,-29.833
,,-29.861
,,-29.906
,,-29.92
,,-29.936
,,-29.995
,,-30.017
,,-30.041
,,-30.056
,,-30.103
,,-30.109
,,-30.155
,,-30.175
,,-30.185
,,-30.239
,,-30.288
,,-30.273
,,-30.311
,,-30.256
,,-30.326
,,-30.321
,,-30.31
,,-30.26
,,-30.229
,,-30.168
,,-30.119
,,-30.079
,,-30.041
,,-30.011
,,-29.946
,,-29.872
,,-29.805
,,-29.743
,,-29.679
,,-29.604
,,-29.546
,,-29.469
,,-29.397
,,-29.361
,,-29.319
,,-29.286
,,-29.253
,,-29.27
,,-29.248
,,-29.282
,,-29.318
,,-29.353
,,-29.384
,,-29.432
,,-29.445
,,-29.508
,,-29.475
,,-29.531
,,-29.589
,,-29.615
,,-29.669
,,-29.741
,,-29.789
,,-29.8
,,-29.834
,,-29.818
,,-29.876
,,-29.921
,,-29.946
,,-29.974
,,-29.988
,,-30.024
,,-30.069
,,-30.102
,,-30.145
,,-30.15
,,-30.18
,,-30.14
,,-30.136
,,-30.211
,,-30.269
,,-30.277
,,-30.306
,,-30.339
,,-30.383
,,-30.375
,,-30.354
,,-30.33
,,-30.294
,,-30.258
,,-30.207
,,-30.16
,,-30.105
,,-30.05
,,-30.002
,,-29.944
,,-29.894
,,-29.845
,,-29.757
,,-29.691
,,-29.628
,,-29.553
,,-29.482
,,-29.407
,,-29.34
,,-29.286
,,-29.279
,,-29.269
,,-29.268
,,-29.226
,,-29.268
,,-29.284
,,-29.309
,,-29.337
,,-29.372
,,-29.374
,,-29.437
,,-29.483
,,-29.522
,,-29.516
,,-29.5
,,-29.578
,,-29.675
,,-29.724
,,-29.772
,,-29.824
,,-29.88
,,-29.889
,,-29.909
,,-29.97
,,-29.951
,,-30.007
,,-30.011
,,-30.078
,,-30.066
,,-30.091
,,-30.158
,,-30.183
,,-30.205
,,-30.244
,,-30.281
,,-30.316
,,-30.319
,,-30.352
,,-30.331
,,-30.396
,,-30.416
,,-30.426
,,-30.395
,,-30.356
,,-30.293
,,-30.23
,,-30.184
,,-30.149
,,-30.098
,,-30.024
,,-29.967
,,-29.911
,,-29.85
,,-29.803
,,-29.728
,,-29.65
,,-29.594
,,-29.514
,,-29.443
,,-29.372
,,-29.308
,,-29.294
,,-29.271
,,-29.276
,,-29.272
,,-29.296
,,-29.309
,,-29.32
,,-29.359
,,-29.399
,,-29.442
,,-29.443
,,-29.486
,,-29.492
,,-29.486
,,-29.561
,,-29.653
,,-29.692
,,-29.764
,,-29.807
,,-29.84
,,-29.866
,,-29.917
,,-29.925
,,-29.925
,,-29.938
,,-29.921
,,-29.994
,,-30.04
,,-30.067
,,-30.07
,,-30.097
,,-30.183
,,-30.229
,,-30.261
,,-30.279
,,-30.29
,,-30.307
,,-30.329
,,-30.39
,,-30.409
,,-30.39
,,-30.362
,,-30.341
,,-30.313
,,-30.274
,,-30.206
,,-30.123
,,-30.108
,,-30.064
,,-30.001
,,-29.912
,,-29.883
,,-29.838
,,-29.784
,,-29.713
,,-29.639
,,-29.562
,,-29.5
,,-29.417
,,-29.355
,,-29.327
,,-29.307
,,-29.273
,,-29.234
,,-29.236
,,-29.219
,,-29.28
,,-29.276
,,-29.264
,,-29.359
,,-29.417
,,-29.467
,,-29.496
,,-29.499
,,-29.533
,,-29.585
,,-29.665
,,-29.729
,,-29.759
,,-29.806
,,-29.808
,,-29.804
,,-29.809
,,-29.896
,,-29.896
,,-29.93
,,-30.006
,,-30.013
,,-30.07
,,-30.07
,,-30.126
,,-30.164
,,-30.219
,,-30.234
,,-30.267
,,-30.322
,,-30.302
,,-30.309
,,-30.352
,,-30.383
,,-30.406
,,-30.406
,,-30.358
,,-30.358
,,-30.287
,,-30.234
,,-30.185
,,-30.145
,,-30.092
,,-30.047
,,-30
,,-29.929
,,-29.878
,,-29.81
,,-29.754
,,-29.672
,,-29.615
,,-29.554
,,-29.475
,,-29.413
,,-29.342
,,-29.304
,,-29.285
,,-29.28
,,-29.251
,,-29.269
,,-29.278
,,-29.325
,,-29.366
,,-29.36
,,-29.416
,,-29.436
,,-29.452
,,-29.508
,,-29.523
,,-29.532
,,-29.594
,,-29.645
,,-29.683
,,-29.759
,,-29.812
,,-29.874
,,-29.902
,,-29.897
,,-29.902
,,-29.962
,,-29.994
,,-30.019
,,-30.003
,,-30.007
,,-29.998
,,-30.077
,,-30.14
,,-30.189
,,-30.224
,,-30.268
,,-30.264
,,-30.301
,,-30.329
,,-30.363
,,-30.287
,,-30.213
,,-30.295
,,-30.331
,,-30.322
,,-30.289
,,-30.253
,,-30.202
,,-30.152
,,-30.126
,,-30.061
,,-30.001
,,-29.954
,,-29.915
,,-29.841
,,-29.78
,,-29.718
,,-29.643
,,-29.567
,,-29.514
,,-29.458
,,-29.366
,,-29.345
,,-29.32
,,-29.29
,,-29.29
,,-29.302
,,-29.318
,,-29.341
,,-29.335
,,-29.348
,,-29.368
,,-29.438
,,-29.475
,,-29.473
,,-29.442
,,-29.433
,,-29.548
,,-29.634
,,-29.69
,,-29.742
,,-29.786
,,-29.806
,,-29.839
,,-29.887
,,-29.931
,,-29.956
,,-29.989
,,-30.002
,,-30.004
,,-30.056
,,-30.056
,,-30.113
,,-30.149
,,-30.156
,,-30.213
,,-30.187
,,-30.204
,,-30.259
,,-30.32
,,-30.345
,,-30.422
,,-30.421
,,-30.427
,,-30.425
,,-30.399
,,-30.335
,,-30.323
,,-30.259
,,-30.206
,,-30.154
,,-30.085
,,-30.048
,,-29.982
,,-29.925
,,-29.884
,,-29.816
,,-29.747
,,-29.656
,,-29.607
,,-29.549
,,-29.476
,,-29.413
,,-29.352
,,-29.314
,,-29.272
,,-29.264
,,-29.237
,,-29.29
,,-29.324
,,-29.357
,,-29.395
,,-29.437
,,-29.455
,,-29.512
,,-29.544
,,-29.57
,,-29.569
,,-29.595
,,-29.545
,,-29.606
,,-29.718
,,-29.789
,,-29.862
,,-29.914
,,-29.923
,,-29.946
,,-29.954
,,-30.001
,,-30.001
,,-30.057
,,-30.077
,,-30.091
,,-30.141
,,-30.178
,,-30.191
,,-30.214
,,-30.246
,,-30.299
,,-30.333
,,-30.356
,,-30.406
,,-30.454
,,-30.456
,,-30.42
,,-30.413
,,-30.368
,,-30.322
,,-30.281
,,-30.227
,,-30.155
,,-30.085
,,-30.037
,,-29.993
,,-29.922
,,-29.889
,,-29.836
,,-29.76
,,-29.688
,,-29.608
,,-29.538
,,-29.473
,,-29.419
,,-29.362
,,-29.318
,,-29.302
,,-29.283
,,-29.28
,,-29.289
,,-29.275
,,-29.269
,,-29.343
,,-29.364
,,-29.41
,,-29.473
,,-29.498
,,-29.529
,,-29.571
,,-29.622
,,-29.655
,,-29.733
,,-29.787
,,-29.845
,,-29.864
,,-29.86
,,-29.913
,,-29.947
,,-29.979
,,-30.003
,,-30.029
,,-30.045
,,-30.067
,,-30.127
,,-30.154
,,-30.188
,,-30.21
,,-30.243
,,-30.257
,,-30.309
,,-30.358
,,-30.39
,,-30.384
,,-30.432
,,-30.435
,,-30.424
,,-30.409
,,-30.344
,,-30.328
,,-30.276
,,-30.24
,,-30.187
,,-30.123
,,-30.078
,,-30.017
,,-29.95
,,-29.891
,,-29.82
,,-29.766
,,-29.701
,,-29.654
,,-29.569
,,-29.511
,,-29.442
,,-29.392
,,-29.323
,,-29.281
,,-29.257
,,-29.276
,,-29.3
,,-29.332
,,-29.341
,,-29.359
,,-29.382
,,-29.413
,,-29.439
,,-29.46
,,-29.533
,,-29.494
,,-29.468
,,-29.56
,,-29.584
,,-29.636
,,-29.696
,,-29.766
,,-29.846
,,-29.871
,,-29.902
,,-29.94
,,-29.972
,,-30.009
,,-30.039
,,-30.006
,,-30.096
,,-30.083
,,-30.117
,,-30.184
,,-30.186
,,-30.226
,,-30.235
,,-30.273
,,-30.33
,,-30.34
,,-30.37
,,-30.417
,,-30.41
,,-30.417
,,-30.397
,,-30.344
,,-30.324
,,-30.247
,,-30.193
,,-30.109
,,-30.081
,,-30.07
,,-30.002
,,-29.961
,,-29.9
,,-29.853
,,-29.771
,,-29.706
,,-29.63
,,-29.571
,,-29.501
,,-29.425
,,-29.352
,,-29.309
,,-29.307
,,-29.259
,,-29.237
,,-29.227
,,-29.211
,,-29.239
,,-29.255
,,-29.273
,,-29.341
,,-29.415
,,-29.455
,,-29.467
,,-29.495
,,-29.519
,,-29.604
,,-29.599
,,-29.689
,,-29.747
,,-29.817
,,-29.847
,,-29.817
,,-29.818
,,-29.88
,,-29.918
,,-29.936
,,-29.979
,,-30.049
,,-30.067
,,-30.047
,,-30.098
,,-30.118
,,-30.112
,,-30.141
,,-30.193
,,-30.208
,,-30.24
,,-30.298
,,-30.304
,,-30.277
,,-30.264
,,-30.336
,,-30.298
,,-30.34
,,-30.349
,,-30.29
,,-30.241
,,-30.225
,,-30.151
,,-30.102
,,-30.05
,,-30.004
,,-29.937
,,-29.896
,,-29.834
,,-29.764
,,-29.744
