0,,,Version=1.30
1,4.24521,,Finish=FinishedChargeCurrent
31,4.24534,-0.00110699,
61,4.24532,-0.00110705,
91,4.24513,-0.00110696,
121,4.24488,-0.0011068,
151,4.2448,-0.0011068,
181,4.2447,-0.00110683,
211,4.24457,-0.00110686,
241,4.24448,-0.00110675,
271,4.24432,-0.00110672,
301,4.24426,-0.00110667,
331,4.24416,-0.00110669,
361,4.24406,-0.00110664,
391,4.24395,-0.00110656,
421,4.24383,-0.00110653,
451,4.24376,-0.00110658,
481,4.24371,-0.00110653,
511,4.24367,-0.00110656,
541,4.24348,-0.00110648,
571,4.24345,-0.0011065,
601,4.24337,-0.0011065,
631,4.24326,-0.00110648,
661,4.24324,-0.00110648,
691,4.2431,-0.00110634,
721,4.24313,-0.0011064,
751,4.24312,-0.00110642,
781,4.24298,-0.0011064,
811,4.24293,-0.00110637,
841,4.24289,-0.00110642,
871,4.24279,-0.00110631,
901,4.24279,-0.00110629,
931,4.2428,-0.00110631,
961,4.24268,-0.00110629,
991,4.24261,-0.00110634,
1021,4.24252,-0.00110634,
1051,4.24247,-0.00110629,
1081,4.24244,-0.00110621,
1111,4.24235,-0.00110615,
1141,4.24232,-0.00110615,
1171,4.24224,-0.00110621,
1202,4.2422,-0.00110621,
1232,4.24216,-0.00110618,
1262,4.24201,-0.00110612,
1292,4.24195,-0.00110612,
1322,4.24191,-0.00110618,
1352,4.24185,-0.00110618,
1382,4.24181,-0.00110618,
1412,4.24176,-0.00110604,
1442,4.24173,-0.0011061,
1472,4.24167,-0.00110604,
1502,4.24159,-0.00110599,
1532,4.2415,-0.00110596,
1562,4.24143,-0.00110593,
1592,4.24138,-0.00110596,
1622,4.24133,-0.00110602,
1652,4.24119,-0.00110591,
1682,4.24101,-0.00110583,
1712,4.24088,-0.00110583,
1742,4.24085,-0.00110577,
1772,4.24078,-0.00110572,
1801,4.24053,-0.00110574,Finish=MaxDischargeTime
1811,3.60922,-1.49451,
1821,3.56387,-1.49456,
1831,3.53742,-1.49442,
1841,3.51773,-1.49428,
1851,3.5022,-1.49449,
1861,3.48827,-1.49442,
1871,3.47524,-1.49452,
1881,3.46291,-1.49461,
1891,3.45097,-1.4944,
1901,3.44032,-1.49457,
1911,3.43019,-1.49462,
1921,3.42065,-1.49441,
1931,3.4122,-1.49454,
1941,3.40458,-1.49444,
1951,3.39829,-1.49448,
1961,3.39303,-1.49452,
1971,3.3886,-1.4945,
1981,3.38492,-1.49446,
1991,3.38194,-1.49451,
2001,3.37968,-1.49434,
2011,3.37802,-1.49445,
2021,3.37687,-1.49436,
2031,3.37596,-1.49421,
2041,3.37557,-1.49421,
2051,3.37535,-1.49442,
2061,3.37533,-1.49463,
2071,3.37561,-1.49457,
2081,3.37614,-1.49434,
2091,3.37696,-1.49463,
2101,3.37785,-1.49434,
2111,3.379,-1.49436,
2121,3.38031,-1.49455,
2131,3.38147,-1.49446,
2141,3.38297,-1.4943,
2151,3.38462,-1.49444,
2161,3.38692,-1.49448,Finish=MaxDischargeTime
2191,3.78972,-0.00099819,
2221,3.85392,-0.00101017,
2251,3.89096,-0.00101825,
2281,3.91777,-0.00102438,
2311,3.93888,-0.00102921,
2341,3.95484,-0.00103298,
2371,3.96796,-0.00103617,
2401,3.97911,-0.00103878,
2431,3.9885,-0.00104105,
2461,3.99626,-0.00104298,
2491,4.00303,-0.00104458,
2521,4.00907,-0.0010461,
2551,4.01433,-0.00104737,
2581,4.01905,-0.00104848,
2611,4.02317,-0.00104951,
2641,4.02693,-0.00105052,
2671,4.03033,-0.00105128,
2701,4.03339,-0.00105209,
2731,4.03615,-0.00105269,
2761,4.03876,-0.00105336,
2791,4.04108,-0.00105404,
2821,4.04327,-0.00105458,
2851,4.04521,-0.00105502,
2881,4.04696,-0.00105548,
2911,4.0486,-0.00105597,
2941,4.05002,-0.00105624,
2971,4.05152,-0.00105662,
3001,4.05274,-0.00105697,
3031,4.054,-0.00105727,
3061,4.05511,-0.00105748,
3091,4.05617,-0.00105778,
3121,4.05713,-0.00105805,
3151,4.05802,-0.00105822,
3181,4.05888,-0.0010586,
3211,4.05974,-0.0010587,
3241,4.06054,-0.00105889,
3271,4.06135,-0.00105914,
3301,4.06203,-0.00105919,
3331,4.06277,-0.00105949,
3361,4.06348,-0.0010596,
3391,4.0642,-0.0010599,
3421,4.06486,-0.00106001,
3451,4.0654,-0.00106014,
3481,4.06609,-0.0010603,
3511,4.06668,-0.00106047,
3541,4.06716,-0.00106058,
3571,4.06769,-0.00106074,
3601,4.06824,-0.0010609,
3631,4.06867,-0.00106104,
3661,4.06912,-0.00106106,
3691,4.06953,-0.0010612,
3721,4.06992,-0.00106128,
3751,4.07031,-0.00106133,
3781,4.07068,-0.00106144,
3811,4.07103,-0.00106161,
3841,4.07136,-0.00106166,
3871,4.07173,-0.00106174,
3901,4.07205,-0.00106193,
3931,4.0724,-0.00106201,
3961,4.07303,-0.00106207,Finish=MaxDischargeTime
3971,3.38109,-1.49442,
3981,3.30185,-1.49433,
3991,3.24612,-1.49442,
4001,3.20925,-1.49431,
4011,3.17737,-1.49427,
4021,3.14428,-1.49439,
4031,3.11636,-1.49423,
4041,3.09126,-1.49436,
4051,3.06968,-1.49433,
4061,3.05122,-1.49416,
4071,3.03605,-1.49415,
4081,3.02389,-1.4945,
4091,3.01482,-1.49451,
4101,3.00842,-1.49436,
4111,3.00496,-1.49438,
4121,3.00349,-1.49438,
4131,3.00384,-1.49426,
4141,3.00593,-1.49417,
4151,3.00927,-1.49423,
4161,3.01368,-1.49428,
4171,3.01906,-1.49442,
4181,3.02514,-1.4944,
4191,3.0319,-1.49427,
4201,3.03895,-1.49452,
4211,3.04646,-1.4945,
4221,3.05378,-1.49443,
4231,3.06115,-1.49428,
4241,3.06928,-1.49434,
4251,3.07721,-1.4944,
4261,3.08522,-1.49446,
4271,3.09345,-1.49438,
4281,3.10143,-1.49414,
4291,3.10936,-1.49439,
4301,3.11715,-1.49456,
4311,3.12474,-1.49439,
4321,3.13561,-1.49437,Finish=MaxDischargeTime
4351,3.62284,-0.00095763,
4381,3.7037,-0.000972244,
4411,3.74902,-0.00098195,
4441,3.78011,-0.00098881,
4471,3.80352,-0.000994313,
4501,3.82228,-0.000998868,
4531,3.83831,-0.00100266,
4561,3.85159,-0.00100578,
4591,3.86308,-0.00100874,
4621,3.87329,-0.00101112,
4652,3.88238,-0.00101345,
4682,3.89041,-0.00101533,
4712,3.89761,-0.00101717,
4742,3.90413,-0.00101877,
4772,3.91001,-0.00102018,
4802,3.91543,-0.00102156,
4832,3.92017,-0.00102284,
4862,3.92475,-0.00102384,
4892,3.92879,-0.0010249,
4922,3.9326,-0.0010259,
4952,3.93614,-0.00102682,
4982,3.93949,-0.00102763,
5012,3.9425,-0.00102839,
5042,3.94541,-0.00102918,
5072,3.94827,-0.00102986,
5102,3.95085,-0.00103048,
5132,3.95338,-0.00103119,
5162,3.9557,-0.00103176,
5192,3.95791,-0.00103235,
5222,3.96005,-0.00103281,
5252,3.96203,-0.00103335,
5282,3.96405,-0.0010339,
5312,3.96584,-0.0010343,
5342,3.96759,-0.00103474,
5372,3.96914,-0.00103514,
5402,3.97073,-0.00103555,
5432,3.9721,-0.00103593,
5462,3.97348,-0.00103626,
5492,3.97478,-0.00103658,
5522,3.97601,-0.00103688,
5552,3.97716,-0.00103715,
5582,3.97831,-0.00103748,
5612,3.97946,-0.00103783,
5642,3.98053,-0.00103807,
5672,3.98157,-0.00103834,
5702,3.98254,-0.00103859,
5732,3.9836,-0.00103883,
5762,3.9846,-0.00103908,
5792,3.98546,-0.00103943,
5822,3.98644,-0.00103962,
5852,3.98731,-0.00103983,
5882,3.98821,-0.00103997,
5912,3.98907,-0.00104035,
5942,3.98993,-0.00104051,
5972,3.99071,-0.0010407,
6002,3.99159,-0.00104086,
6032,3.99221,-0.00104105,
6062,3.99305,-0.0010413,
6092,3.99367,-0.00104146,
6122,3.99452,-0.0010416,Finish=MaxDischargeTime
6132,3.35394,-1.49442,
6142,3.28596,-1.49439,
6152,3.23284,-1.49426,
6162,3.18935,-1.4944,
6172,3.15101,-1.4946,
6182,3.11612,-1.49458,
6192,3.08447,-1.49443,
6202,3.05739,-1.49418,
6212,3.0337,-1.49446,
6222,3.01241,-1.49417,
6232,2.99529,-1.49439,
6242,2.98185,-1.49435,
6252,2.97229,-1.49431,
6262,2.96643,-1.49416,
6272,2.96355,-1.4946,
6282,2.96329,-1.49421,
6292,2.96522,-1.49441,
6302,2.96864,-1.49422,
6312,2.9732,-1.49439,
6322,2.97848,-1.49451,
6332,2.98494,-1.49432,
6342,2.9918,-1.49436,
6352,2.99899,-1.49434,
6362,3.00619,-1.4943,
6372,3.01345,-1.49436,
6382,3.02057,-1.49425,
6392,3.02752,-1.49448,
6402,3.03426,-1.49446,
6412,3.04079,-1.49433,
6422,3.04683,-1.49445,
6432,3.05271,-1.49426,
6442,3.05829,-1.49447,
6452,3.06396,-1.49428,
6462,3.06935,-1.49428,
6472,3.07426,-1.49434,
6482,3.08123,-1.49436,Finish=MaxDischargeTime
6512,3.5671,-0.000942367,
6542,3.64234,-0.00095557,
6572,3.68327,-0.000964517,
6602,3.7124,-0.000970916,
6632,3.73373,-0.000975877,
6662,3.75084,-0.000979808,
6692,3.76417,-0.000983089,
6722,3.77575,-0.000985908,
6752,3.78558,-0.000988132,
6782,3.79409,-0.000990355,
6812,3.80179,-0.000992198,
6842,3.80864,-0.000993988,
6872,3.81485,-0.000995425,
6902,3.82044,-0.000996835,
6932,3.82566,-0.000998136,
6962,3.83062,-0.000999437,
6992,3.83496,-0.00100055,
7022,3.83904,-0.00100155,
7052,3.8429,-0.00100253,
7082,3.84644,-0.00100342,
7112,3.84961,-0.00100432,
7142,3.85264,-0.00100497,
7172,3.85543,-0.00100562,
7202,3.85809,-0.00100635,
7232,3.86046,-0.00100695,
7262,3.86286,-0.00100754,
7292,3.86502,-0.001008,
7322,3.86693,-0.00100849,
7352,3.8688,-0.00100906,
7382,3.87062,-0.00100947,
7412,3.87239,-0.0010099,
7442,3.87398,-0.00101045,
7472,3.87558,-0.0010108,
7502,3.87713,-0.00101123,
7532,3.87858,-0.00101153,
7562,3.88003,-0.00101194,
7592,3.88153,-0.00101229,
7622,3.88288,-0.00101264,
7652,3.88424,-0.00101299,
7682,3.88555,-0.00101329,
7712,3.88681,-0.00101364,
7742,3.88805,-0.00101383,
7772,3.88921,-0.00101432,
7802,3.89031,-0.00101459,
7832,3.89158,-0.00101486,
7862,3.89252,-0.00101505,
7892,3.89356,-0.00101535,
7922,3.89453,-0.00101562,
7952,3.89547,-0.00101589,
7983,3.89638,-0.00101608,
8013,3.89723,-0.00101638,
8043,3.89812,-0.00101655,
8073,3.89883,-0.00101674,
8103,3.89976,-0.00101695,
8133,3.90053,-0.0010172,
8163,3.9014,-0.00101747,
8193,3.90214,-0.00101758,
8223,3.9029,-0.00101782,
8253,3.90372,-0.00101801,
8282,3.90521,-0.00101831,Finish=MaxDischargeTime
8292,3.3125,-1.49417,
8302,3.2498,-1.49442,
8312,3.19977,-1.49438,
8322,3.15668,-1.49436,
8332,3.11648,-1.49453,
8342,3.08039,-1.49458,
8352,3.05112,-1.49466,
8362,3.02245,-1.49441,
8372,2.99498,-1.4943,
8382,2.97138,-1.49438,
8392,2.94997,-1.49425,
8402,2.93233,-1.49425,
8412,2.91806,-1.49428,
8422,2.90709,-1.49452,
8432,2.89895,-1.4944,
8442,2.89346,-1.49439,
8452,2.89019,-1.49423,
8462,2.88873,-1.49428,
8472,2.88894,-1.49428,
8482,2.89042,-1.49433,
8492,2.89286,-1.49435,
8502,2.89622,-1.49415,
8512,2.90023,-1.49419,
8522,2.90508,-1.4942,
8532,2.9102,-1.49405,
8542,2.91603,-1.49429,
8552,2.92188,-1.49433,
8562,2.92802,-1.49411,
8572,2.93409,-1.49429,
8582,2.94012,-1.49396,
8592,2.94679,-1.49426,
8602,2.95332,-1.49449,
8612,2.96019,-1.49443,
8622,2.96679,-1.49422,
8632,2.97348,-1.49425,
8642,2.98329,-1.49417,Finish=MaxDischargeTime
8672,3.49872,-0.000924065,
8702,3.57289,-0.00093754,
8732,3.61383,-0.000946379,
8762,3.64294,-0.000952913,
8792,3.66508,-0.000958091,
8822,3.68259,-0.000962294,
8852,3.69757,-0.000965791,
8882,3.71005,-0.000968855,
8912,3.72087,-0.000971458,
8942,3.72996,-0.000973681,
8972,3.73793,-0.00097566,
9002,3.74519,-0.000977368,
9032,3.75124,-0.000978914,
9062,3.75671,-0.000980215,
9092,3.76157,-0.000981408,
9122,3.76614,-0.000982438,
9152,3.77015,-0.000983604,
9182,3.77377,-0.000984472,
9212,3.7771,-0.000985366,
9242,3.78008,-0.000986017,
9272,3.7829,-0.000986695,
9302,3.78551,-0.000987373,
9332,3.78797,-0.00098805,
9362,3.79027,-0.00098862,
9392,3.79238,-0.000989162,
9422,3.79456,-0.000989677,
9452,3.79652,-0.000990192,
9482,3.79832,-0.000990626,
9512,3.8001,-0.00099106,
9542,3.80181,-0.000991602,
9572,3.80346,-0.000991955,
9602,3.80502,-0.000992307,
9632,3.80635,-0.00099266,
9662,3.8078,-0.00099312,
9692,3.80901,-0.00099331,
9722,3.81028,-0.000993744,
9752,3.8114,-0.000993988,
9782,3.81252,-0.000994313,
9812,3.81362,-0.000994503,
9842,3.8145,-0.000994747,
9872,3.81541,-0.000995045,
9902,3.81635,-0.000995235,
9932,3.81727,-0.000995479,
9962,3.8181,-0.000995696,
9992,3.81896,-0.000995913,
10022,3.81978,-0.000996157,
10052,3.82056,-0.000996347,
10082,3.8214,-0.000996537,
10112,3.82217,-0.000996726,
10142,3.82292,-0.000996997,
10172,3.82369,-0.000997106,
10202,3.82449,-0.000997377,
10232,3.82526,-0.000997512,
10262,3.82593,-0.000997757,
10292,3.82671,-0.000997919,
10322,3.82732,-0.000998082,
10352,3.82803,-0.000998272,
10382,3.82863,-0.000998462,
10412,3.8293,-0.000998597,
10441,3.83056,-0.000998841,Finish=MaxDischargeTime
10451,3.24196,-1.49432,
10461,3.17631,-1.49424,
10471,3.12886,-1.49454,
10481,3.08835,-1.49453,
10491,3.0517,-1.49429,
10501,3.01551,-1.49436,
10511,2.98293,-1.49443,
10521,2.9512,-1.49438,
10531,2.92368,-1.49416,
10541,2.89907,-1.49427,
10551,2.87799,-1.49438,
10561,2.86039,-1.49422,
10571,2.84615,-1.4943,
10581,2.83576,-1.49426,
10591,2.82821,-1.49429,
10601,2.823,-1.49427,
10611,2.82012,-1.49419,
10621,2.81925,-1.49435,
10631,2.82032,-1.49443,
10641,2.82259,-1.49427,
10651,2.82606,-1.49418,
10661,2.83036,-1.49431,
10671,2.83554,-1.49433,
10681,2.84119,-1.49441,
10691,2.84679,-1.49443,
10701,2.85269,-1.49411,
10711,2.85891,-1.49419,
10721,2.86529,-1.49459,
10731,2.87152,-1.49442,
10741,2.87787,-1.49433,
10751,2.88391,-1.49446,
10761,2.89004,-1.49454,
10771,2.89583,-1.49446,
10781,2.90163,-1.49449,
10791,2.90685,-1.49445,
10801,2.91362,-1.49412,Finish=MaxDischargeTime
10831,3.42502,-0.000906415,
10861,3.50583,-0.000920134,
10891,3.54675,-0.000928593,
10921,3.57424,-0.000934666,
10951,3.59392,-0.000939303,
10981,3.61048,-0.000943315,
11011,3.62443,-0.00094665,
11041,3.63572,-0.000949334,
11071,3.64567,-0.000951828,
11101,3.65455,-0.000954052,
11131,3.66239,-0.000955841,
11161,3.66962,-0.000957739,
11191,3.67597,-0.000959257,
11221,3.68194,-0.000960748,
11251,3.68731,-0.000962158,
11281,3.69226,-0.000963433,
11311,3.69686,-0.000964571,
11342,3.70124,-0.000965601,
11372,3.70509,-0.000966605,
11402,3.70863,-0.000967472,
11432,3.71212,-0.00096834,
11462,3.71516,-0.000969126,
11492,3.71806,-0.000969912,
11522,3.72065,-0.000970427,
11552,3.72317,-0.000971187,
11582,3.72542,-0.000971675,
11612,3.72763,-0.000972298,
11642,3.72956,-0.000972705,
11672,3.73144,-0.00097322,
11702,3.73317,-0.000973627,
11732,3.73485,-0.000974169,
11762,3.73637,-0.000974521,
11792,3.73786,-0.000974847,
11822,3.73932,-0.000975253,
11852,3.74064,-0.000975606,
11882,3.74201,-0.000975877,
11912,3.74323,-0.000976202,
11942,3.74456,-0.000976609,
11972,3.74573,-0.00097688,
12002,3.74694,-0.000977151,
12032,3.74808,-0.000977477,
12062,3.74917,-0.000977721,
12092,3.75021,-0.000977992,
12122,3.75133,-0.000978317,
12152,3.75224,-0.00097848,
12182,3.75314,-0.000978751,
12212,3.75412,-0.000979049,
12242,3.75493,-0.000979239,
12272,3.75575,-0.000979429,
12302,3.75652,-0.000979619,
12332,3.75727,-0.000979835,
12362,3.75796,-0.000979971,
12392,3.75868,-0.000980215,
12422,3.75929,-0.000980323,
12452,3.76002,-0.00098054,
12482,3.7606,-0.000980703,
12512,3.76133,-0.000980866,
12542,3.76199,-0.000981001,
12572,3.76261,-0.000981191,
12601,3.7636,-0.000981381,Finish=MaxDischargeTime
12611,3.19435,-1.49433,
12621,3.13599,-1.49443,
12631,3.08645,-1.49432,
12641,3.04373,-1.4943,
12651,3.0044,-1.49416,
12661,2.96727,-1.4944,
12671,2.93253,-1.49442,
12681,2.89979,-1.49452,
12691,2.86895,-1.49436,
12701,2.8407,-1.49446,
12711,2.8147,-1.49435,
12721,2.79255,-1.49428,
12731,2.77277,-1.49424,
12741,2.75456,-1.49439,
12751,2.73911,-1.49442,
12761,2.72607,-1.49447,
12771,2.71546,-1.49414,
12781,2.70702,-1.49433,
12791,2.70063,-1.4943,
12801,2.69616,-1.49437,
12811,2.69341,-1.49425,
12821,2.69236,-1.49414,
12831,2.69262,-1.49418,
12841,2.69415,-1.49442,
12851,2.69708,-1.49427,
12861,2.7011,-1.49452,
12871,2.70612,-1.4944,
12881,2.71196,-1.49418,
12891,2.71879,-1.49409,
12901,2.72625,-1.49415,
12911,2.73428,-1.49424,
12921,2.7428,-1.49443,
12931,2.75199,-1.49417,
12941,2.76078,-1.4942,
12951,2.76997,-1.4943,
12961,2.78449,-1.4944,Finish=MaxDischargeTime
12991,3.34225,-0.000885919,
13021,3.42989,-0.000900695,
13051,3.47319,-0.000909479,
13081,3.50105,-0.000915932,
13111,3.52271,-0.000920839,
13141,3.53988,-0.000924825,
13171,3.55381,-0.000928295,
13201,3.56556,-0.000930925,
13231,3.576,-0.000933609,
13261,3.58476,-0.000935751,
13291,3.59264,-0.00093773,
13321,3.59974,-0.000939465,
13351,3.60598,-0.000940984,
13381,3.61152,-0.000942393,
13411,3.61671,-0.000943641,
13441,3.62146,-0.000944942,
13471,3.62554,-0.000945945,
13501,3.62935,-0.000946867,
13531,3.63298,-0.000947735,
13561,3.63634,-0.000948575,
13591,3.63926,-0.000949361,
13621,3.64209,-0.000950039,
13651,3.64471,-0.000950744,
13681,3.64734,-0.000951449,
13711,3.64976,-0.000951991,
13741,3.65208,-0.000952561,
13771,3.65432,-0.000953157,
13801,3.65638,-0.000953672,
13831,3.65843,-0.000954241,
13861,3.66032,-0.000954675,
13891,3.66222,-0.00095519,
13921,3.66395,-0.000955543,
13951,3.66559,-0.000956031,
13981,3.66714,-0.000956383,
14011,3.66869,-0.000956899,
14041,3.67007,-0.00095717,
14071,3.6714,-0.000957468,
14101,3.67271,-0.000957793,
14131,3.67393,-0.000958118,
14161,3.67506,-0.000958444,
14191,3.67613,-0.000958661,
14221,3.67722,-0.000959013,
14251,3.67814,-0.000959203,
14281,3.67918,-0.000959474,
14311,3.68018,-0.000959718,
14341,3.68114,-0.000960043,
14371,3.68208,-0.00096026,
14401,3.683,-0.000960504,
14431,3.68397,-0.000960803,
14461,3.6848,-0.000960965,
14491,3.68575,-0.000961236,
14521,3.68664,-0.000961399,
14551,3.68745,-0.000961724,
14581,3.68825,-0.00096186,
14611,3.68906,-0.000962077,
14641,3.68989,-0.000962267,
14671,3.69064,-0.000962402,
14701,3.69127,-0.000962673,
14731,3.6921,-0.000962809,
14761,3.69268,-0.00096289,Finish=MaxDischargeTime
14771,3.11304,-1.49412,
14781,3.05207,-1.49427,
14791,3.00521,-1.49429,
14801,2.96381,-1.49431,
14811,2.92358,-1.49462,
14821,2.88557,-1.49432,
14831,2.84954,-1.49449,
14841,2.81603,-1.49445,
14851,2.78325,-1.49427,
14861,2.75288,-1.49445,
14871,2.72557,-1.49433,
14882,2.70051,-1.4943,
14892,2.67791,-1.49428,
14902,2.65884,-1.49407,
14912,2.6423,-1.49419,
14922,2.62727,-1.4942,
14932,2.6151,-1.49416,
14942,2.60536,-1.49432,
14952,2.59844,-1.49431,
14962,2.59428,-1.49435,
14972,2.5926,-1.49407,
14982,2.59333,-1.49434,
14992,2.59597,-1.4942,
15002,2.60072,-1.49427,
15012,2.60691,-1.49418,
15022,2.6141,-1.49426,
15032,2.62306,-1.49437,
15042,2.63256,-1.49429,
15052,2.64297,-1.49422,
15062,2.6535,-1.49417,
15072,2.6644,-1.49423,
15082,2.6753,-1.49418,
15092,2.68587,-1.49415,
15102,2.69635,-1.49418,
15112,2.70652,-1.49409,
15122,2.71981,-1.49431,Finish=MaxDischargeTime
15152,3.27805,-0.000869841,
15182,3.36809,-0.000884536,
15212,3.41137,-0.00089351,
15242,3.43948,-0.000899665,
15272,3.46021,-0.000904518,
15302,3.4768,-0.000908341,
15332,3.49025,-0.000911567,
15362,3.50147,-0.000914305,
15392,3.51099,-0.000916664,
15422,3.51973,-0.000918724,
15452,3.52709,-0.000920541,
15482,3.53359,-0.000922222,
15512,3.53963,-0.000923632,
15542,3.54509,-0.000924987,
15572,3.55003,-0.00092637,
15602,3.55458,-0.000927455,
15632,3.55882,-0.000928458,
15662,3.56277,-0.000929461,
15692,3.56634,-0.000930383,
15722,3.56978,-0.000931223,
15752,3.57283,-0.000932037,
15782,3.57572,-0.000932714,
15812,3.57841,-0.000933446,
15842,3.58092,-0.000934043,
15872,3.58314,-0.000934558,
15902,3.58532,-0.000935182,
15932,3.58733,-0.000935697,
15962,3.5892,-0.000936076,
15992,3.59098,-0.000936564,
16022,3.59252,-0.000936944,
16052,3.59412,-0.000937378,
16082,3.59554,-0.00093773,
16112,3.59692,-0.000938083,
16142,3.59816,-0.000938435,
16172,3.59947,-0.000938733,
16202,3.60064,-0.00093914,
16232,3.60185,-0.000939384,
16262,3.6031,-0.000939709,
16292,3.60429,-0.000940062,
16322,3.60541,-0.000940306,
16352,3.60645,-0.00094055,
16382,3.60751,-0.000940902,
16412,3.60853,-0.000941011,
16442,3.6094,-0.000941228,
16472,3.61038,-0.00094158,
16502,3.61132,-0.000941797,
16532,3.61228,-0.000942041,
16562,3.61303,-0.000942204,
16592,3.61387,-0.000942475,
16622,3.61465,-0.000942746,
16652,3.6153,-0.000942746,
16682,3.61606,-0.00094299,
16712,3.61682,-0.000943207,
16742,3.61748,-0.000943396,
16772,3.61806,-0.000943532,
16802,3.61875,-0.000943695,
16832,3.61939,-0.000943803,
16862,3.62001,-0.000943993,
16892,3.62067,-0.000944291,
16922,3.62146,-0.000944318,Finish=MaxDischargeTime
16932,3.05078,-1.49445,
16942,2.99458,-1.49459,
16952,2.94636,-1.49436,
16962,2.90409,-1.4944,
16972,2.86287,-1.49427,
16982,2.8263,-1.49445,
16992,2.79106,-1.49436,
17002,2.75645,-1.4941,
17012,2.72083,-1.49436,
17022,2.68597,-1.49442,
17032,2.65177,-1.49436,
17042,2.61827,-1.49415,
17052,2.58573,-1.49431,
17062,2.55447,-1.49419,
17072,2.52471,-1.49407,
17077,2.49959,-1.49417,Finish=CutoffV
17107,3.28187,-0.00086816,
17137,3.35625,-0.000880469,
17167,3.39197,-0.000887654,
17197,3.41571,-0.000893158,
17227,3.4336,-0.00089717,
17257,3.448,-0.000900668,
17287,3.45952,-0.000903325,
17317,3.46943,-0.000905819,
17347,3.47821,-0.000907934,
17377,3.4859,-0.000909832,
17407,3.49284,-0.000911594,
17437,3.49926,-0.000913221,
17467,3.50517,-0.000914631,
17497,3.51058,-0.000916013,
17527,3.51537,-0.00091726,
17557,3.51993,-0.000918372,
17587,3.52423,-0.000919565,
17617,3.52805,-0.000920432,
17647,3.53165,-0.0009213,
17677,3.53507,-0.000922222,
17707,3.53821,-0.000922845,
17737,3.54113,-0.000923659,
17767,3.54395,-0.000924364,
17797,3.54645,-0.000925042,
17827,3.54881,-0.000925638,
17857,3.55102,-0.000926262,
17887,3.55315,-0.00092675,
17917,3.55526,-0.000927292,
17947,3.55711,-0.000927753,
17977,3.5589,-0.00092816,
18007,3.56062,-0.000928647,
18037,3.56236,-0.000929081,
18067,3.56399,-0.000929542,
18097,3.56563,-0.000929949,
18127,3.56717,-0.000930437,
18157,3.56873,-0.000930816,
18187,3.57014,-0.000931115,
18217,3.57158,-0.000931494,
18247,3.57285,-0.000931766,
18277,3.57418,-0.000932118,
18307,3.57539,-0.000932524,
18337,3.5766,-0.000932714,
18367,3.57775,-0.000932985,
18397,3.57873,-0.000933311,
18427,3.57984,-0.000933582,
18458,3.58084,-0.000933853,
18488,3.58178,-0.000934043,
18518,3.58259,-0.000934368,
18548,3.58347,-0.000934504,
18578,3.58433,-0.000934721,
18608,3.58514,-0.000934938,
18638,3.58596,-0.000935127,
18668,3.5868,-0.000935371,
18698,3.58763,-0.000935615,
18728,3.58847,-0.000935832,
18758,3.58918,-0.000935995,
18788,3.58998,-0.000936158,
18818,3.5908,-0.000936456,
18848,3.5915,-0.000936618,
18877,3.59245,-0.000936754,Finish=MaxDischargeTime
18887,2.95438,-1.49426,
18897,2.89153,-1.49432,
18907,2.83569,-1.49431,
18917,2.78487,-1.49439,
18927,2.73544,-1.49443,
18937,2.68705,-1.49435,
18947,2.63557,-1.49433,
18957,2.59199,-1.49434,
18967,2.545,-1.49417,
18972,2.49595,-1.49405,Finish=CutoffV
19002,3.32567,-0.000876348,
19032,3.38096,-0.000885593,
19062,3.40859,-0.000891504,
19092,3.42781,-0.000895787,
19122,3.44202,-0.000899068,
19152,3.45347,-0.000901861,
19182,3.46315,-0.000904192,
19212,3.4717,-0.000906226,
19242,3.47901,-0.000908042,
19272,3.48553,-0.000909642,
19302,3.49155,-0.000911133,
19332,3.49706,-0.000912516,
19362,3.50204,-0.000913736,
19392,3.50661,-0.000914929,
19422,3.51089,-0.000915986,
19452,3.51479,-0.000916962,
19482,3.51841,-0.00091783,
19512,3.52198,-0.000918724,
19542,3.52513,-0.000919619,
19572,3.52812,-0.000920351,
19602,3.53088,-0.000921002,
19632,3.53352,-0.000921707,
19662,3.53597,-0.00092233,
19692,3.53824,-0.000922954,
19722,3.54039,-0.000923523,
19752,3.54245,-0.000923957,
19782,3.54443,-0.000924391,
19812,3.54626,-0.000924933,
19842,3.54815,-0.000925394,
19872,3.54987,-0.000925773,
19902,3.55151,-0.000926262,
19932,3.55321,-0.000926723,
19962,3.55486,-0.000927183,
19992,3.55639,-0.000927536,
20022,3.55789,-0.00092797,
20052,3.55932,-0.000928214,
20082,3.56076,-0.000928647,
20112,3.5621,-0.000929081,
20142,3.56336,-0.000929298,
20172,3.5646,-0.000929759,
20202,3.56581,-0.000929949,
20232,3.56695,-0.000930274,
20262,3.56813,-0.000930572,
20292,3.56909,-0.000930789,
20322,3.57014,-0.000931006,
20352,3.57103,-0.000931277,
20382,3.57185,-0.000931549,
20412,3.57276,-0.000931711,
20442,3.57366,-0.000931928,
20472,3.57447,-0.000932145,
20502,3.57527,-0.000932389,
20532,3.57604,-0.000932525,
20562,3.57692,-0.000932741,
20592,3.57774,-0.000932985,
20622,3.57847,-0.000933175,
20652,3.57928,-0.000933446,
20682,3.57998,-0.000933609,
20712,3.58076,-0.000933826,
20742,3.58153,-0.000934097,
20771,3.58247,-0.000934151,Finish=MaxDischargeTime
20781,2.91729,-1.49444,
20791,2.84696,-1.4945,
20801,2.78746,-1.49434,
20811,2.7356,-1.49423,
20821,2.68456,-1.49456,
20831,2.63067,-1.49433,
20841,2.5767,-1.49436,
20851,2.49637,-1.49427,Finish=CutoffV
20881,3.33462,-0.0008783,
20911,3.38663,-0.000886705,
20941,3.41162,-0.000891965,
20971,3.42872,-0.000895815,
21001,3.44196,-0.000898933,
21031,3.45278,-0.000901454,
21061,3.46143,-0.000903461,
21091,3.46908,-0.000905494,
21121,3.47603,-0.000907148,
21151,3.48207,-0.000908639,
21181,3.48764,-0.00091013,
21211,3.49285,-0.000911377,
21241,3.49763,-0.00091257,
21271,3.50183,-0.000913628,
21301,3.50583,-0.000914712,
21331,3.50964,-0.000915688,
21361,3.51305,-0.000916393,
21391,3.51628,-0.000917315,
21421,3.51932,-0.000918101,
21451,3.52221,-0.000918779,
21481,3.52496,-0.000919565,
21511,3.52743,-0.000920107,
21541,3.52977,-0.000920704,
21571,3.53199,-0.000921192,
21601,3.53403,-0.000921761,
21632,3.53602,-0.000922249,
21662,3.53793,-0.000922791,
21692,3.53978,-0.000923252,
21722,3.54147,-0.000923632,
21752,3.54321,-0.00092412,
21782,3.54484,-0.000924472,
21812,3.54641,-0.000924933,
21842,3.54798,-0.000925313,
21872,3.54956,-0.000925801,
21902,3.55107,-0.000926099,
21932,3.55239,-0.000926425,
21962,3.55384,-0.000926831,
21992,3.55519,-0.000927211,
22022,3.5564,-0.000927509,
22052,3.55756,-0.000927916,
22082,3.55866,-0.000928051,
22112,3.55983,-0.000928431,
22142,3.56093,-0.000928702,
22172,3.56189,-0.000928892,
22202,3.56284,-0.000929109,
22232,3.56378,-0.000929353,
22262,3.56467,-0.00092957,
22292,3.5655,-0.000929814,
22322,3.56638,-0.000929976,
22352,3.56716,-0.000930275,
22382,3.56791,-0.00093041,
22412,3.56876,-0.000930627,
22442,3.56962,-0.000930952,
22472,3.57035,-0.000931088,
22502,3.57112,-0.000931278,
22532,3.57183,-0.00093144,
22562,3.57266,-0.000931711,
22592,3.57334,-0.000931874,
22622,3.57409,-0.000932064,
22651,3.5752,-0.000932254,Finish=MaxDischargeTime
22661,2.89109,-1.4943,
22671,2.82279,-1.49438,
22681,2.76092,-1.49429,
22691,2.70379,-1.49423,
22701,2.64723,-1.49424,
22711,2.59354,-1.49417,
22721,2.5394,-1.49431,
22724,2.49429,-1.49451,Finish=CutoffV
22754,3.33781,-0.000878463,
22784,3.38605,-0.000886271,
22814,3.41003,-0.00089145,
22844,3.42634,-0.00089511,
22874,3.43904,-0.000898119,
22904,3.44912,-0.000900505,
22934,3.45777,-0.000902647,
22964,3.46531,-0.000904464,
22994,3.47182,-0.000906063,
23024,3.47775,-0.000907554,
23054,3.48316,-0.000908775,
23084,3.48806,-0.000910103,
23114,3.49258,-0.000911187,
23144,3.49672,-0.000912218,
23174,3.50058,-0.000913329,
23204,3.50421,-0.000914224,
23234,3.50754,-0.000914956,
23264,3.5106,-0.000915797,
23294,3.51365,-0.000916529,
23324,3.5164,-0.000917234,
23354,3.51893,-0.000917884,
23384,3.52129,-0.000918454,
23414,3.52362,-0.000919131,
23444,3.52579,-0.000919619,
23474,3.52783,-0.000920162,
23504,3.52977,-0.00092065,
23534,3.53153,-0.000921138,
23564,3.53332,-0.000921517,
23594,3.53503,-0.000921978,
23624,3.53675,-0.000922439,
23654,3.53842,-0.000922819,
23684,3.53995,-0.000923225,
23714,3.54155,-0.000923659,
23744,3.543,-0.000924039,
23774,3.5445,-0.000924364,
23804,3.5458,-0.000924852,
23834,3.54718,-0.000925069,
23864,3.54839,-0.000925394,
23894,3.54963,-0.00092572,
23924,3.55085,-0.000926099,
23954,3.552,-0.00092637,
23984,3.55313,-0.000926696,
24014,3.55416,-0.000926885,
24044,3.55506,-0.000927102,
24074,3.55599,-0.000927373,
24104,3.55691,-0.000927509,
24134,3.55778,-0.000927807,
24164,3.5586,-0.000928051,
24194,3.55942,-0.000928214,
24224,3.56021,-0.000928349,
24254,3.56103,-0.000928621,
24284,3.56189,-0.000928865,
24314,3.56266,-0.000929109,
24344,3.56346,-0.000929353,
24374,3.56419,-0.000929488,
24404,3.56497,-0.000929624,
24434,3.5657,-0.000929841,
24464,3.56645,-0.000930031,
24494,3.56717,-0.000930193,
24524,3.56812,-0.00093041,Finish=MaxDischargeTime
24534,2.87131,-1.49452,
24544,2.80218,-1.4943,
24554,2.74248,-1.49443,
24564,2.68409,-1.49415,
24574,2.62643,-1.49425,
24584,2.56871,-1.49438,
24592,2.49616,-1.49426,Finish=CutoffV
24622,3.33787,-0.0008783,
24652,3.38503,-0.000885892,
24682,3.4076,-0.000890663,
24712,3.42316,-0.000894351,
24742,3.43564,-0.000897197,
24772,3.44557,-0.000899556,
24802,3.45392,-0.000901563,
24832,3.46106,-0.000903352,
24862,3.46768,-0.000904979,
24892,3.47354,-0.000906362,
24922,3.47868,-0.000907663,
24952,3.4834,-0.000908883,
24982,3.48786,-0.000909994,
25013,3.49195,-0.000910998,
25043,3.49562,-0.000911892,
25073,3.49905,-0.00091276,
25103,3.50225,-0.000913601,
25133,3.50529,-0.000914414,
25163,3.50807,-0.0009152,
25193,3.51078,-0.000915797,
25223,3.51334,-0.000916393,
25253,3.51556,-0.000917017,
25283,3.51773,-0.000917532,
25313,3.51976,-0.000918047,
25343,3.52183,-0.000918589,
25373,3.52374,-0.000919104,
25403,3.52557,-0.000919511,
25433,3.52744,-0.000919972,
25463,3.5291,-0.000920433,
25493,3.53073,-0.000920867,
25523,3.53235,-0.000921273,
25553,3.53393,-0.000921653,
25583,3.53551,-0.000922087,
25613,3.53693,-0.000922466,
25643,3.53838,-0.000922791,
25673,3.53971,-0.000923171,
25703,3.54097,-0.000923442,
25733,3.54225,-0.000923822,
25763,3.54342,-0.000924093,
25793,3.54454,-0.000924418,
25823,3.54562,-0.000924662,
25853,3.54664,-0.000925015,
25883,3.5476,-0.00092515,
25913,3.54854,-0.000925394,
25943,3.54945,-0.00092572,
25973,3.5503,-0.00092591,
26003,3.55124,-0.000926126,
26033,3.55205,-0.000926343,
26063,3.55293,-0.000926533,
26093,3.55377,-0.000926804,
26123,3.55464,-0.00092694,
26153,3.55544,-0.000927157,
26183,3.55621,-0.000927455,
26213,3.55698,-0.000927563,
26243,3.55778,-0.000927834,
26273,3.55851,-0.000928024,
26303,3.55923,-0.000928187,
26333,3.55993,-0.000928404,
26363,3.56058,-0.000928512,
26392,3.56168,-0.000928729,Finish=MaxDischargeTime
26402,2.85848,-1.49424,
26412,2.78863,-1.49429,
26422,2.72558,-1.49422,
26432,2.66639,-1.49438,
26442,2.60872,-1.49419,
26452,2.55339,-1.49431,
26457,2.49813,-1.49413,Finish=CutoffV
26487,3.33826,-0.000877893,
26517,3.38274,-0.000885295,
26547,3.40458,-0.000889904,
26577,3.42016,-0.000893429,
26607,3.43201,-0.000896194,
26637,3.4416,-0.000898526,
26667,3.44993,-0.000900532,
26697,3.45716,-0.000902295,
26727,3.46342,-0.00090384,
26757,3.46902,-0.000905222,
26787,3.47422,-0.000906524,
26817,3.47893,-0.00090769,
26847,3.48318,-0.000908693,
26877,3.48698,-0.000909805,
26907,3.49076,-0.000910645,
26937,3.49409,-0.000911513,
26967,3.49717,-0.000912326,
26997,3.5001,-0.000913085,
27027,3.50289,-0.00091379,
27057,3.5054,-0.000914441,
27087,3.50781,-0.000914956,
27117,3.5101,-0.000915552,
27147,3.51228,-0.000916122,
27177,3.51428,-0.00091661,
27207,3.5162,-0.000917044,
27237,3.51815,-0.000917613,
27267,3.51989,-0.000918074,
27297,3.52173,-0.000918508,
27327,3.52347,-0.000918941,
27357,3.52516,-0.000919348,
27387,3.52668,-0.000919755,
27417,3.52823,-0.000920243,
27447,3.5298,-0.000920677,
27477,3.53123,-0.000920975,
27507,3.53259,-0.000921327,
27537,3.53392,-0.00092168,
27567,3.53514,-0.000921951,
27597,3.53633,-0.000922168,
27627,3.53749,-0.000922628,
27657,3.53857,-0.000922764,
27687,3.53977,-0.00092309,
27717,3.54067,-0.00092336,
27747,3.54167,-0.000923686,
27777,3.54257,-0.000923821,
27807,3.54344,-0.000924093,
27837,3.54429,-0.000924255,
27867,3.54514,-0.000924499,
27897,3.54602,-0.000924825,
27927,3.54683,-0.000924933,
27957,3.54767,-0.000925204,
27987,3.54847,-0.000925394,
28017,3.5493,-0.000925503,
28047,3.55009,-0.000925828,
28077,3.5509,-0.000926126,
28107,3.55169,-0.00092618,
28137,3.55233,-0.000926343,
28167,3.55303,-0.000926587,
28197,3.55372,-0.00092675,
28227,3.55444,-0.000926939,
28257,3.55554,-0.000927129,Finish=MaxDischargeTime
28267,2.85151,-1.49427,
28277,2.77905,-1.49424,
28287,2.71531,-1.49427,
28297,2.65613,-1.49443,
28307,2.59758,-1.49434,
28317,2.53876,-1.49422,
28320,2.49398,-1.49442,Finish=CutoffV
28350,3.3325,-0.000876755,
28380,3.37796,-0.000884048,
28410,3.40005,-0.000888792,
28440,3.41526,-0.000892019,
28470,3.42688,-0.000894839,
28500,3.43637,-0.000897225,
28530,3.44455,-0.000899095,
28560,3.45157,-0.000900803,
28590,3.45772,-0.000902376,
28620,3.46348,-0.000903813,
28650,3.46857,-0.00090506,
28680,3.47314,-0.000906171,
28710,3.4773,-0.00090731,
28740,3.48122,-0.000908205,
28770,3.48476,-0.0009091,
28800,3.48813,-0.00090994,
28830,3.4912,-0.000910672,
28860,3.4941,-0.000911404,
28890,3.4968,-0.00091219,
28920,3.49934,-0.00091276,
28950,3.50172,-0.000913383,
28980,3.50398,-0.000913898,
29010,3.50603,-0.000914495,
29040,3.508,-0.000914983,
29070,3.50999,-0.000915471,
29100,3.51188,-0.000915959,
29130,3.51372,-0.000916447,
29160,3.51543,-0.000916989,
29190,3.51713,-0.000917233,
29220,3.51876,-0.000917667,
29250,3.52036,-0.000918128,
29280,3.52192,-0.000918453,
29311,3.52341,-0.000918914,
29341,3.52486,-0.000919348,
29371,3.5262,-0.000919646,
29401,3.52758,-0.000919972,
29431,3.5288,-0.00092027,
29461,3.53005,-0.000920758,
29491,3.53113,-0.000920866,
29521,3.53227,-0.000921219,
29551,3.53328,-0.000921463,
29581,3.53421,-0.000921707,
29611,3.53522,-0.000921951,
29641,3.53605,-0.000922086,
29671,3.53693,-0.000922357,
29701,3.53784,-0.000922601,
29731,3.53863,-0.000922737,
29761,3.53956,-0.000923035,
29791,3.54042,-0.000923252,
29821,3.54119,-0.000923496,
29851,3.54199,-0.000923659,
29881,3.54284,-0.000923876,
29911,3.54367,-0.000924093,
29941,3.54436,-0.00092431,
29971,3.54504,-0.000924499,
30001,3.54583,-0.000924716,
30031,3.54656,-0.000924879,
30061,3.54725,-0.000925042,
30091,3.5479,-0.000925204,
30120,3.54868,-0.00092534,Finish=MaxDischargeTime
30130,2.84029,-1.49458,
30140,2.7678,-1.49434,
30150,2.70294,-1.49415,
30160,2.64308,-1.49413,
30170,2.58382,-1.49448,
30180,2.4972,-1.49425,Finish=CutoffV
30210,3.33339,-0.000876375,
30240,3.37603,-0.000883207,
30270,3.39663,-0.000887817,
30300,3.41162,-0.000891206,
30330,3.42325,-0.000893863,
30360,3.43248,-0.000896113,
30390,3.44038,-0.000897984,
30420,3.44744,-0.000899692,
30450,3.4535,-0.000901156,
30480,3.45882,-0.00090262,
30510,3.4639,-0.000903813,
30540,3.46843,-0.000904951,
30570,3.47251,-0.000905955,
30600,3.47625,-0.000906876,
30630,3.47979,-0.000907744,
30660,3.48303,-0.000908585,
30690,3.48605,-0.000909344,
30720,3.48886,-0.000910103,
30750,3.49156,-0.000910808,
30780,3.494,-0.00091135,
30810,3.49629,-0.000912001,
30840,3.49854,-0.000912597,
30870,3.50058,-0.000913031,
30900,3.50259,-0.0009136,
30930,3.50453,-0.000914061,
30960,3.50634,-0.000914549,
30990,3.50815,-0.00091501,
31020,3.50993,-0.000915471,
31050,3.51157,-0.000915878,
31080,3.51326,-0.000916257,
31110,3.51482,-0.000916772,
31140,3.51629,-0.000917043,
31170,3.51772,-0.000917423,
31200,3.51912,-0.000917802,
31230,3.52052,-0.000918155,
31260,3.5218,-0.00091848,
31290,3.52303,-0.000918779,
31320,3.52422,-0.000919104,
31350,3.52533,-0.000919294,
31380,3.52631,-0.000919619,
31410,3.52739,-0.000919917,
31440,3.52831,-0.000920189,
31470,3.52926,-0.000920432,
31500,3.53014,-0.000920568,
31530,3.53108,-0.000920866,
31560,3.53189,-0.00092111,
31590,3.53275,-0.000921327,
31620,3.53361,-0.000921409,
31650,3.53448,-0.000921761,
31680,3.53531,-0.000921951,
31710,3.53612,-0.000922113,
31740,3.53688,-0.00092233,
31770,3.53769,-0.000922601,
31800,3.5384,-0.000922791,
31830,3.53916,-0.0009229,
31860,3.53991,-0.000923252,
31890,3.54058,-0.000923252,
31920,3.54122,-0.000923469,
31950,3.54184,-0.000923632,
31980,3.54265,-0.000923767,Finish=MaxDischargeTime
31990,2.82749,-1.49437,
32000,2.75418,-1.49428,
32010,2.68918,-1.49436,
32020,2.62894,-1.49451,
32030,2.56997,-1.49419,
32038,2.49606,-1.49437,Finish=CutoffV
32068,3.33003,-0.000875535,
32098,3.37294,-0.000882448,
32128,3.39342,-0.000886841,
32158,3.40788,-0.000890148,
32188,3.41924,-0.000892805,
32218,3.42853,-0.000895028,
32248,3.4363,-0.000897008,
32278,3.44299,-0.000898553,
32308,3.44906,-0.000900017,
32338,3.45448,-0.000901346,
32368,3.45911,-0.00090262,
32398,3.46366,-0.000903677,
32428,3.46772,-0.000904653,
32458,3.47138,-0.000905629,
32488,3.47477,-0.00090647,
32518,3.47798,-0.000907256,
32548,3.48094,-0.000908042,
32578,3.48367,-0.000908693,
32608,3.48619,-0.000909344,
32638,3.48868,-0.000909967,
32668,3.49098,-0.000910537,
32698,3.49305,-0.000911106,
32729,3.49514,-0.000911594,
32759,3.49714,-0.000912136,
32789,3.49911,-0.000912706,
32819,3.50096,-0.000913112,
32849,3.50273,-0.000913573,
32879,3.50446,-0.000914061,
32909,3.50605,-0.000914387,
32939,3.5077,-0.000914875,
32969,3.50934,-0.000915227,
32999,3.51082,-0.000915661,
33029,3.51224,-0.00091604,
33059,3.51359,-0.000916339,
33089,3.51499,-0.000916691,
33119,3.51618,-0.000917017,
33149,3.51738,-0.00091726,
33179,3.51851,-0.000917559,
33209,3.51953,-0.000917857,
33239,3.52064,-0.000918236,
33269,3.52158,-0.000918372,
33299,3.52254,-0.00091867,
33329,3.52348,-0.000918806,
33359,3.5244,-0.000919131,
33389,3.52529,-0.000919321,
33419,3.52617,-0.000919592,
33449,3.52704,-0.000919809,
33479,3.5279,-0.000920026,
33509,3.52878,-0.000920297,
33539,3.52951,-0.000920487,
33569,3.53031,-0.000920676,
33599,3.53116,-0.000920758,
33629,3.53194,-0.00092111,
33659,3.53268,-0.000921381,
33689,3.53338,-0.000921436,
33719,3.53408,-0.000921625,
33749,3.53473,-0.000921788,
33779,3.53536,-0.000921978,
33809,3.53597,-0.000922032,
33838,3.5362,-0.000922086,Finish=MaxDischargeTime
33848,2.81441,-1.49442,
33858,2.74203,-1.49413,
33868,2.67724,-1.49423,
33878,2.61723,-1.49414,
33888,2.55757,-1.49416,
33894,2.49762,-1.49413,Finish=CutoffV
33924,3.32975,-0.000875101,
33954,3.37097,-0.000881743,
33984,3.39041,-0.000886054,
34014,3.40491,-0.000889308,
34044,3.41593,-0.00089191,
34074,3.42496,-0.000894107,
34104,3.43247,-0.000896004,
34134,3.43915,-0.000897496,
34164,3.44497,-0.000899014,
34194,3.4502,-0.000900288,
34224,3.45493,-0.0009014,
34254,3.45932,-0.000902511,
34284,3.46325,-0.000903596,
34314,3.46679,-0.000904463,
34344,3.47013,-0.000905331,
34374,3.47323,-0.000906009,
34404,3.47607,-0.000906741,
34434,3.47886,-0.000907473,
34464,3.48135,-0.000908042,
34494,3.48361,-0.000908666,
34524,3.48591,-0.000909208,
34554,3.48813,-0.000909723,
34584,3.49012,-0.000910265,
34614,3.49213,-0.000910862,
34644,3.49406,-0.000911404,
34674,3.49587,-0.000911811,
34704,3.49771,-0.000912353,
34734,3.49939,-0.000912787,
34764,3.50109,-0.000913139,
34794,3.50269,-0.000913546,
34824,3.5042,-0.000913926,
34854,3.50562,-0.000914305,
34884,3.50709,-0.000914658,
34914,3.50839,-0.000914929,
34944,3.50982,-0.000915308,
34974,3.51096,-0.000915634,
35004,3.51212,-0.000915959,
35034,3.51326,-0.000916284,
35064,3.51432,-0.000916501,
35094,3.51529,-0.000916718,
35124,3.51628,-0.000916989,
35154,3.51724,-0.000917233,
35184,3.51811,-0.000917504,
35214,3.51906,-0.000917776,
35244,3.51987,-0.000917965,
35274,3.52076,-0.000918128,
35304,3.52168,-0.000918426,
35334,3.52255,-0.000918697,
35364,3.52338,-0.000918887,
35394,3.52419,-0.000919077,
35424,3.52504,-0.000919267,
35454,3.52589,-0.000919538,
35484,3.52657,-0.000919673,
35514,3.52736,-0.000919863,
35544,3.52806,-0.000920107,
35574,3.52871,-0.000920297,
35604,3.52937,-0.000920405,
35634,3.53006,-0.000920514,
35664,3.53056,-0.000920595,
35694,3.53163,-0.000920893,Finish=MaxDischargeTime
35704,2.80862,-1.49415,
35714,2.73436,-1.49439,
35724,2.66838,-1.49442,
35734,2.6077,-1.49425,
35744,2.54772,-1.49437,
35749,2.49304,-1.49403,Finish=CutoffV
35779,3.32386,-0.000873854,
35809,3.36596,-0.000880524,
35839,3.38624,-0.000884807,
35869,3.4,-0.000888034,
35899,3.41083,-0.000890582,
35929,3.41988,-0.000892805,
35959,3.42745,-0.000894568,
35989,3.43405,-0.000896249,
36019,3.43989,-0.000897686,
36049,3.44513,-0.000898879,
36079,3.44981,-0.000900207,
36109,3.45408,-0.000901156,
36139,3.4581,-0.000902186,
36169,3.46171,-0.000903162,
36199,3.46498,-0.000903922,
36229,3.46809,-0.000904681,
36259,3.47096,-0.000905386,
36289,3.47365,-0.000906036,
36319,3.47615,-0.000906714,
36349,3.47853,-0.000907338,
36379,3.48077,-0.000907907,
36409,3.48281,-0.000908395,
36439,3.48493,-0.000908883,
36469,3.4869,-0.000909507,
36499,3.48882,-0.00090994,
36529,3.49063,-0.000910374,
36559,3.49235,-0.000910808,
36589,3.49409,-0.000911323,
36619,3.49572,-0.000911757,
36649,3.49732,-0.000912082,
36679,3.49887,-0.000912651,
36709,3.50028,-0.000912896,
36739,3.5017,-0.000913275,
36769,3.503,-0.000913519,
36799,3.50433,-0.000913926,
36829,3.50548,-0.000914278,
36859,3.50672,-0.000914576,
36889,3.5078,-0.000914766,
36919,3.50891,-0.000915146,
36950,3.50989,-0.000915336,
36980,3.51088,-0.000915607,
37010,3.51182,-0.000915851,
37040,3.51275,-0.000916095,
37070,3.51365,-0.000916258,
37100,3.51447,-0.000916556,
37130,3.5153,-0.000916773,
37160,3.51622,-0.000917017,
37190,3.51703,-0.000917234,
37220,3.51785,-0.000917396,
37250,3.5187,-0.00091764,
37280,3.51945,-0.00091783,
37310,3.52024,-0.00091802,
37340,3.52098,-0.00091821,
37370,3.52174,-0.000918372,
37400,3.52251,-0.000918616,
37430,3.52316,-0.000918779,
37460,3.52386,-0.000918942,
37490,3.52451,-0.000919159,
37520,3.52506,-0.000919213,
37549,3.52602,-0.00091943,Finish=MaxDischargeTime
37559,2.79855,-1.49434,
37569,2.72321,-1.49412,
37579,2.65613,-1.49436,
37589,2.59441,-1.49424,
37599,2.53337,-1.49425,
37601,2.49356,-1.49432,Finish=CutoffV
37631,3.32423,-0.000873908,
37661,3.36511,-0.000880334,
37691,3.38488,-0.000884536,
37721,3.39833,-0.000887464,
37751,3.40882,-0.00089004,
37781,3.41767,-0.000892154,
37811,3.4251,-0.000893917,
37841,3.43159,-0.000895571,
37871,3.43722,-0.00089698,
37901,3.44234,-0.000898201,
37931,3.44702,-0.000899393,
37961,3.45116,-0.000900424,
37991,3.45495,-0.000901346,
38021,3.45855,-0.00090224,
38051,3.46184,-0.000903081,
38081,3.46484,-0.000903867,
38111,3.4677,-0.000904572,
38141,3.47023,-0.000905168,
38171,3.47278,-0.000905846,
38201,3.47504,-0.000906416,
38231,3.47722,-0.000906958,
38261,3.47932,-0.0009075,
38291,3.48124,-0.000907934,
38321,3.48318,-0.000908476,
38351,3.48501,-0.000908937,
38381,3.48681,-0.000909425,
38411,3.48856,-0.00090994,
38441,3.49025,-0.000910347,
38471,3.49181,-0.000910726,
38501,3.49333,-0.000911079,
38531,3.4948,-0.000911458,
38561,3.49622,-0.000911838,
38591,3.49768,-0.000912218,
38621,3.49892,-0.000912462,
38651,3.50022,-0.000912868,
38681,3.50144,-0.000913112,
38711,3.50251,-0.00091341,
38741,3.5036,-0.000913763,
38771,3.50464,-0.000913952,
38801,3.50559,-0.000914197,
38831,3.50654,-0.000914495,
38861,3.50745,-0.000914658,
38891,3.50838,-0.000914902,
38921,3.5092,-0.0009152,
38951,3.51003,-0.000915363,
38981,3.51089,-0.000915661,
39011,3.51177,-0.000915823,
39041,3.51258,-0.00091604,
39071,3.5134,-0.000916257,
39101,3.5142,-0.000916501,
39131,3.51491,-0.00091661,
39161,3.51571,-0.000916827,
39191,3.51645,-0.000916908,
39221,3.51717,-0.000917233,
39251,3.5179,-0.000917396,
39281,3.51856,-0.000917559,
39311,3.51916,-0.000917748,
39341,3.51981,-0.000917884,
39371,3.52043,-0.000918047,
39401,3.52112,-0.000918155,Finish=MaxDischargeTime
39411,2.78411,-1.4941,
39421,2.70956,-1.49431,
39431,2.64153,-1.49416,
39441,2.57866,-1.49424,
39450,2.49679,-1.49395,Finish=CutoffV
39480,3.32561,-0.000874233,
39510,3.366,-0.000880415,
39540,3.38505,-0.000884482,
39570,3.39793,-0.000887356,
39600,3.40805,-0.000889823,
39630,3.41661,-0.000891884,
39660,3.42392,-0.000893565,
39690,3.43011,-0.00089511,
39720,3.43565,-0.000896493,
39750,3.4407,-0.00089774,
39780,3.4452,-0.000898851,
39810,3.44933,-0.000899936,
39840,3.45307,-0.000900804,
39870,3.45652,-0.000901725,
39900,3.45974,-0.000902512,
39930,3.46259,-0.000903325,
39960,3.46538,-0.000903948,
39990,3.46802,-0.000904599,
40020,3.47044,-0.000905304,
40050,3.47268,-0.000905846,
40080,3.4748,-0.000906389,
40110,3.47682,-0.000906877,
40140,3.47872,-0.000907337,
40170,3.4805,-0.000907825,
40200,3.48232,-0.000908341,
40230,3.48404,-0.000908747,
40260,3.48567,-0.000909073,
40290,3.48734,-0.000909588,
40320,3.48888,-0.000909995,
40350,3.49034,-0.000910293,
40380,3.49171,-0.000910645,
40410,3.49316,-0.000911025,
40440,3.49441,-0.000911296,
40470,3.49576,-0.000911676,
40500,3.49697,-0.000912028,
40530,3.49819,-0.000912299,
40560,3.49929,-0.000912597,
40590,3.5004,-0.000912896,
40620,3.50139,-0.00091314,
40650,3.50232,-0.000913357,
40680,3.50328,-0.000913601,
40710,3.50409,-0.000913817,
40740,3.50503,-0.000914061,
40770,3.50579,-0.000914305,
40800,3.50665,-0.000914495,
40830,3.50749,-0.000914685,
40860,3.50821,-0.000914875,
40890,3.50902,-0.000915173,
40920,3.50985,-0.000915336,
40950,3.51051,-0.000915444,
40980,3.51131,-0.000915688,
41010,3.51207,-0.000915905,
41040,3.51282,-0.000916041,
41070,3.51355,-0.000916257,
41100,3.5142,-0.000916474,
41130,3.51487,-0.00091661,
41160,3.5155,-0.000916745,
41190,3.5161,-0.000916881,
41220,3.51671,-0.000917125,
41250,3.5177,-0.000917261,Finish=MaxDischargeTime
41260,2.77753,-1.49421,
41270,2.69985,-1.49432,
41280,2.63138,-1.49438,
41290,2.56783,-1.49436,
41297,2.49783,-1.49429,Finish=CutoffV
41327,3.32803,-0.000874152,
41357,3.3654,-0.000880171,
41387,3.38348,-0.000884102,
41417,3.39635,-0.000886922,
41447,3.4064,-0.000889335,
41477,3.41453,-0.000891341,
41507,3.4217,-0.000893049,
41538,3.42784,-0.000894567,
41568,3.43331,-0.000895869,
41598,3.43815,-0.000897089,
41628,3.44263,-0.000898201,
41658,3.44677,-0.000899258,
41688,3.45045,-0.00090018,
41718,3.45387,-0.00090102,
41748,3.45703,-0.000901806,
41778,3.46002,-0.00090262,
41808,3.46273,-0.000903216,
41838,3.46523,-0.00090384,
41868,3.46764,-0.000904491,
41898,3.4699,-0.000905006,
41928,3.47197,-0.000905629,
41958,3.47393,-0.00090609,
41988,3.47588,-0.000906605,
42018,3.47765,-0.000907012,
42048,3.47937,-0.0009075,
42078,3.48097,-0.000907934,
42108,3.48263,-0.000908286,
42138,3.4842,-0.000908693,
42168,3.48568,-0.000909045,
42198,3.48718,-0.000909533,
42228,3.48869,-0.000909886,
42258,3.49007,-0.000910319,
42288,3.4913,-0.000910482,
42318,3.49252,-0.000910835,
42348,3.49376,-0.00091116,
42378,3.49491,-0.000911431,
42408,3.49602,-0.000911757,
42438,3.49703,-0.000912001,
42468,3.49806,-0.000912272,
42498,3.49908,-0.000912516,
42528,3.49993,-0.00091276,
42558,3.50081,-0.000913004,
42588,3.50162,-0.000913194,
42618,3.50238,-0.000913383,
42648,3.50326,-0.000913546,
42678,3.50399,-0.000913736,
42708,3.50475,-0.000914007,
42738,3.50547,-0.000914197,
42768,3.50624,-0.000914359,
42798,3.50703,-0.000914576,
42828,3.50772,-0.000914739,
42858,3.50845,-0.000914929,
42888,3.50914,-0.000915146,
42918,3.50993,-0.00091539,
42948,3.51053,-0.000915525,
42978,3.51124,-0.000915634,
43008,3.51183,-0.000915823,
43038,3.51245,-0.000915959,
43068,3.51298,-0.000916122,
43098,3.51374,-0.00091623,Finish=MaxDischargeTime
43108,2.77362,-1.49422,
43118,2.69445,-1.49444,
43128,2.62397,-1.49417,
43138,2.55927,-1.4942,
43143,2.49616,-1.49424,Finish=CutoffV
43173,3.32573,-0.000873854,
43203,3.36428,-0.000879873,
43233,3.38233,-0.000883641,
43263,3.39505,-0.000886407,
43293,3.40441,-0.00088882,
43323,3.41249,-0.000890799,
43353,3.41964,-0.00089248,
43383,3.42561,-0.00089389,
43413,3.43097,-0.000895272,
43443,3.4358,-0.000896492,
43473,3.4403,-0.000897577,
43503,3.44424,-0.000898526,
43533,3.44795,-0.000899529,
43563,3.45123,-0.00090037,
43593,3.45449,-0.000901183,
43623,3.45732,-0.000901888,
43653,3.46004,-0.000902539,
43683,3.46254,-0.000903189,
43713,3.46497,-0.00090384,
43743,3.4671,-0.000904328,
43773,3.46916,-0.000904843,
43803,3.47113,-0.000905304,
43833,3.47291,-0.000905765,
43863,3.47472,-0.000906307,
43893,3.47636,-0.000906714,
43923,3.47804,-0.000907093,
43953,3.47955,-0.0009075,
43983,3.48102,-0.000907907,
44013,3.48257,-0.000908286,
44043,3.48393,-0.000908612,
44073,3.48537,-0.000908964,
44103,3.48667,-0.000909371,
44133,3.48798,-0.000909669,
44163,3.48921,-0.000909994,
44193,3.4904,-0.000910265,
44223,3.49158,-0.000910564,
44253,3.49265,-0.000910889,
44283,3.49369,-0.000911052,
44313,3.4947,-0.000911377,
44343,3.49566,-0.000911621,
44373,3.49663,-0.000911892,
44403,3.49752,-0.000912163,
44433,3.49825,-0.000912272,
44463,3.49906,-0.000912462,
44493,3.49982,-0.00091276,
44523,3.50057,-0.000912923,
44553,3.50136,-0.000913085,
44583,3.50205,-0.000913194,
44613,3.50277,-0.000913492,
44643,3.50349,-0.0009136,
44673,3.50423,-0.000913844,
44703,3.50489,-0.000913953,
44733,3.50558,-0.000914197,
44763,3.50623,-0.000914414,
44793,3.50691,-0.000914549,
44823,3.50755,-0.000914658,
44853,3.50823,-0.00091482,
44883,3.50876,-0.000914956,
44913,3.50945,-0.000915173,
44942,3.51021,-0.000915308,Finish=MaxDischargeTime
44952,2.75998,-1.49431,
44962,2.68432,-1.49425,
44972,2.61274,-1.49444,
44982,2.54681,-1.49435,
44985,2.49658,-1.49432,Finish=CutoffV
45015,3.32829,-0.000874125,
45045,3.36445,-0.000879792,
45075,3.38157,-0.000883533,
45105,3.39381,-0.00088619,
45136,3.40347,-0.000888603,
45166,3.41101,-0.000890203,
45196,3.41783,-0.000892019,
45226,3.42383,-0.000893402,
45256,3.42904,-0.000894757,
45286,3.43373,-0.000895978,
45316,3.43813,-0.000897035,
45346,3.44206,-0.000898038,
45376,3.44567,-0.000898878,
45406,3.44901,-0.000899746,
45436,3.45209,-0.00090056,
45466,3.45497,-0.000901237,
45496,3.45767,-0.000901861,
45526,3.46014,-0.000902539,
45556,3.46247,-0.000903189,
45586,3.46458,-0.000903677,
45616,3.46668,-0.00090422,
45646,3.46856,-0.000904708,
45676,3.47044,-0.000905169,
45706,3.47212,-0.000905548,
45736,3.47373,-0.000906036,
45766,3.47534,-0.000906443,
45796,3.47688,-0.00090685,
45826,3.4783,-0.000907175,
45856,3.47975,-0.000907582,
45886,3.48119,-0.000908015,
45916,3.48249,-0.000908259,
45946,3.48384,-0.00090872,
45976,3.48508,-0.000909018,
46006,3.48632,-0.000909235,
46036,3.48744,-0.000909561,
46066,3.48862,-0.000909805,
46096,3.48969,-0.000910076,
46126,3.49073,-0.000910347,
46156,3.49169,-0.000910591,
46186,3.49258,-0.000910862,
46216,3.49351,-0.000910998,
46246,3.49437,-0.000911242,
46276,3.49517,-0.000911486,
46306,3.49588,-0.000911703,
46336,3.49669,-0.000911892,
46366,3.49742,-0.000912082,
46396,3.4981,-0.000912218,
46426,3.49883,-0.000912435,
46456,3.49954,-0.000912624,
46486,3.50028,-0.000912814,
46516,3.50101,-0.000912977,
46546,3.50168,-0.000913194,
46576,3.50238,-0.000913329,
46606,3.50303,-0.000913519,
46636,3.50361,-0.000913709,
46666,3.50428,-0.000913899,
46696,3.5049,-0.000914034,
46726,3.50549,-0.000914007,
46756,3.50607,-0.000914278,
46785,3.50678,-0.000914414,Finish=MaxDischargeTime
46795,2.75679,-1.49431,
46805,2.67145,-1.49419,
46815,2.6036,-1.49429,
46825,2.53734,-1.49421,
46827,2.49637,-1.49432,Finish=CutoffV
46857,3.32684,-0.000873989,
46887,3.36345,-0.000879493,
46917,3.38055,-0.000883126,
46947,3.3924,-0.000885837,
46977,3.40173,-0.000888061,
47007,3.40956,-0.000889877,
47037,3.41625,-0.000891531,
47067,3.42203,-0.000892995,
47097,3.4273,-0.000894242,
47127,3.43194,-0.000895408,
47157,3.43614,-0.000896492,
47187,3.44012,-0.000897441,
47217,3.44359,-0.00089839,
47247,3.44687,-0.000899231,
47277,3.44987,-0.000899909,
47307,3.45263,-0.000900613,
47337,3.45535,-0.000901318,
47367,3.45771,-0.00090186,
47397,3.45998,-0.000902484,
47427,3.46209,-0.000902945,
47457,3.46409,-0.000903514,
47487,3.46591,-0.000903975,
47517,3.4677,-0.000904436,
47547,3.46937,-0.000904897,
47577,3.47102,-0.000905304,
47607,3.47258,-0.000905711,
47637,3.47411,-0.000906117,
47667,3.47556,-0.000906389,
47697,3.47693,-0.000906795,
47727,3.47835,-0.000907256,
47757,3.47969,-0.000907473,
47787,3.48094,-0.000907825,
47817,3.4822,-0.000908124,
47847,3.48344,-0.000908422,
47877,3.48458,-0.000908693,
47907,3.48558,-0.000908964,
47937,3.48671,-0.000909289,
47967,3.48776,-0.000909533,
47997,3.4887,-0.000909777,
48027,3.48966,-0.000910157,
48057,3.49046,-0.000910266,
48087,3.49133,-0.000910482,
48117,3.49202,-0.000910672,
48147,3.49283,-0.000910889,
48177,3.49358,-0.000911052,
48207,3.49428,-0.000911323,
48237,3.49501,-0.00091135,
48267,3.49567,-0.000911621,
48297,3.49641,-0.000911784,
48327,3.49719,-0.000912001,
48357,3.49794,-0.000912191,
48387,3.49859,-0.000912407,
48417,3.49923,-0.000912516,
48447,3.49993,-0.000912651,
48477,3.5005,-0.000912895,
48507,3.50118,-0.000912977,
48538,3.50178,-0.000913248,
48568,3.50237,-0.000913356,
48598,3.50286,-0.000913465,
48628,3.50366,-0.0009136,Finish=MaxDischargeTime
48638,2.7459,-1.49426,
48648,2.66522,-1.49439,
48658,2.59271,-1.49447,
48668,2.52987,-1.49423,
48669,2.49596,-1.49451,Finish=CutoffV
48699,3.32513,-0.000873502,
48729,3.36195,-0.000879113,
48759,3.37894,-0.00088272,
48789,3.39063,-0.000885349,
48819,3.3997,-0.000887573,
48849,3.40758,-0.000889362,
48879,3.41413,-0.000891043,
48909,3.42001,-0.000892425,
48939,3.42502,-0.000893727,
48969,3.42974,-0.000894866,
48999,3.4339,-0.000895896,
49029,3.4376,-0.000896845,
49059,3.44111,-0.000897712,
49089,3.44438,-0.000898526,
49119,3.44739,-0.000899312,
49149,3.45008,-0.000899936,
49179,3.45267,-0.000900641,
49209,3.45506,-0.000901264,
49239,3.45722,-0.000901752,
49269,3.45929,-0.000902267,
49299,3.4613,-0.000902755,
49329,3.46314,-0.000903216,
49359,3.46479,-0.000903677,
49389,3.46648,-0.000904111,
49419,3.46818,-0.000904545,
49449,3.46978,-0.000904951,
49479,3.47122,-0.000905304,
49509,3.47274,-0.000905711,
49539,3.4742,-0.000906063,
49569,3.47553,-0.000906443,
49599,3.47685,-0.000906741,
49629,3.47812,-0.000907066,
49659,3.4793,-0.000907446,
49689,3.4804,-0.000907717,
49719,3.48163,-0.000907961,
49749,3.48268,-0.000908232,
49779,3.48367,-0.000908557,
49809,3.4847,-0.000908801,
49839,3.48569,-0.000908991,
49869,3.48649,-0.000909262,
49899,3.48733,-0.000909452,
49929,3.48813,-0.000909669,
49959,3.48894,-0.000909832,
49989,3.48969,-0.000910049,
50019,3.4904,-0.00091032,
50049,3.49122,-0.000910455,
50079,3.49188,-0.000910591,
50109,3.4925,-0.000910753,
50139,3.49329,-0.00091097,
50169,3.49405,-0.00091116,
50199,3.49477,-0.000911459,
50229,3.49539,-0.00091154,
50259,3.49606,-0.000911784,
50289,3.49674,-0.000911811,
50319,3.4974,-0.000912028,
50349,3.49794,-0.000912136,
50379,3.49853,-0.000912353,
50409,3.49909,-0.000912516,
50439,3.49959,-0.000912624,
50469,3.50012,-0.000912678,Finish=MaxDischargeTime
